ch_marksman_iw5_type95,WEAPON_TYPE95,CHALLENGE_GET_N_KILLS,CHALLENGE_MARKSMAN,1,iw5_type95,31,,,10,250,25,1000,75,2000,150,5000,300,10000,500,10000,750,10000,1000,10000,,
ch_expert_iw5_type95,WEAPON_TYPE95,CHALLENGE_GET_N_HEADSHOTS,CHALLENGE_EXPERT,1,iw5_type95,31,,,5,500,15,1000,30,2500,75,5000,150,10000,250,10000,350,10000,500,10000,,
ch_iw5_type95_reflex,WEAPON_TYPE95,CHALLENGE_GET_N_KILLS_REFLEX,CHALLENGE_ATTACHMENT_REFLEX,1,iw5_type95_reflex,,,,60,1000,,,,,,,,,,,,,,,,
ch_iw5_type95_silencer,WEAPON_TYPE95,CHALLENGE_GET_N_KILLS_SILENCER,CHALLENGE_ATTACHMENT_SILENCER,1,iw5_type95_silencer,,,,15,750,,,,,,,,,,,,,,,,
ch_iw5_type95_m320,WEAPON_TYPE95,CHALLENGE_GET_N_KILLS_GL,CHALLENGE_ATTACHMENT_GL,1,iw5_type95_m320,,,,20,750,,,,,,,,,,,,,,,,
ch_iw5_type95_acog,WEAPON_TYPE95,CHALLENGE_GET_N_KILLS_ACOG,CHALLENGE_ATTACHMENT_ACOG,1,iw5_type95_acog,,,,20,750,,,,,,,,,,,,,,,,
ch_iw5_type95_rof,WEAPON_TYPE95,CHALLENGE_GET_N_KILLS_ROF,CHALLENGE_ATTACHMENT_ROF,1,iw5_type95_rof,,,,40,1000,,,,,,,,,,,,,,,,
ch_iw5_type95_hybrid,WEAPON_TYPE95,CHALLENGE_GET_N_KILLS_HYBRID,CHALLENGE_ATTACHMENT_HYBRID,1,iw5_type95_hybrid,,,,40,1000,,,,,,,,,,,,,,,,
ch_iw5_type95_shotgun,WEAPON_TYPE95,CHALLENGE_GET_N_KILLS_SHOTGUN,CHALLENGE_ATTACHMENT_SHOTGUN,1,iw5_type95_shotgun,,,,40,1000,,,,,,,,,,,,,,,,
ch_iw5_type95_eotech,WEAPON_TYPE95,CHALLENGE_GET_N_KILLS_EOTECH,CHALLENGE_ATTACHMENT_EOTECH,1,iw5_type95_eotech,,,,40,1000,,,,,,,,,,,,,,,,
ch_iw5_type95_xmags,WEAPON_TYPE95,CHALLENGE_GET_N_KILLS_XMAGS,CHALLENGE_ATTACHMENT_XMAGS,1,iw5_type95_xmags,,,,40,1000,,,,,,,,,,,,,,,,
ch_iw5_type95_thermal,WEAPON_TYPE95,CHALLENGE_GET_N_KILLS_THERMAL,CHALLENGE_ATTACHMENT_THERMAL,1,iw5_type95_thermal,,,,40,1000,,,,,,,,,,,,,,,,
ch_iw5_type95_mastery,CHALLENGE_TYPE95_MASTERY,CHALLENGE_GET_ALL_ATTACHMENTS,CHALLENGE_BLANK,10,iw5_type95,31,,,11,10000,,,,,,,,,,,,,,,,
ch_marksman_iw5_m16,WEAPON_M16,CHALLENGE_GET_N_KILLS,CHALLENGE_MARKSMAN,1,iw5_m16,0,,,10,250,25,1000,75,2000,150,5000,300,10000,500,10000,750,10000,1000,10000,,
ch_expert_iw5_m16,WEAPON_M16,CHALLENGE_GET_N_HEADSHOTS,CHALLENGE_EXPERT,1,iw5_m16,0,,,5,500,15,1000,30,2500,75,5000,150,10000,250,10000,350,10000,500,10000,,
ch_iw5_m16_reflex,WEAPON_M16,CHALLENGE_GET_N_KILLS_REFLEX,CHALLENGE_ATTACHMENT_REFLEX,1,iw5_m16_reflex,,,,60,1000,,,,,,,,,,,,,,,,
ch_iw5_m16_silencer,WEAPON_M16,CHALLENGE_GET_N_KILLS_SILENCER,CHALLENGE_ATTACHMENT_SILENCER,1,iw5_m16_silencer,,,,15,750,,,,,,,,,,,,,,,,
ch_iw5_m16_gl,WEAPON_M16,CHALLENGE_GET_N_KILLS_GL,CHALLENGE_ATTACHMENT_GL,1,iw5_m16_gl,,,,20,750,,,,,,,,,,,,,,,,
ch_iw5_m16_acog,WEAPON_M16,CHALLENGE_GET_N_KILLS_ACOG,CHALLENGE_ATTACHMENT_ACOG,1,iw5_m16_acog,,,,20,750,,,,,,,,,,,,,,,,
ch_iw5_m16_rof,WEAPON_M16,CHALLENGE_GET_N_KILLS_ROF,CHALLENGE_ATTACHMENT_ROF,1,iw5_m16_rof,,,,40,1000,,,,,,,,,,,,,,,,
ch_iw5_m16_hybrid,WEAPON_M16,CHALLENGE_GET_N_KILLS_HYBRID,CHALLENGE_ATTACHMENT_HYBRID,1,iw5_m16_hybrid,,,,40,1000,,,,,,,,,,,,,,,,
ch_iw5_m16_shotgun,WEAPON_M16,CHALLENGE_GET_N_KILLS_SHOTGUN,CHALLENGE_ATTACHMENT_SHOTGUN,1,iw5_m16_shotgun,,,,40,1000,,,,,,,,,,,,,,,,
ch_iw5_m16_eotech,WEAPON_M16,CHALLENGE_GET_N_KILLS_EOTECH,CHALLENGE_ATTACHMENT_EOTECH,1,iw5_m16_eotech,,,,40,1000,,,,,,,,,,,,,,,,
ch_iw5_m16_xmags,WEAPON_M16,CHALLENGE_GET_N_KILLS_XMAGS,CHALLENGE_ATTACHMENT_XMAGS,1,iw5_m16_xmags,,,,40,1000,,,,,,,,,,,,,,,,
ch_iw5_m16_thermal,WEAPON_M16,CHALLENGE_GET_N_KILLS_THERMAL,CHALLENGE_ATTACHMENT_THERMAL,1,iw5_m16_thermal,,,,40,1000,,,,,,,,,,,,,,,,
ch_iw5_m16_mastery,CHALLENGE_M16_MASTERY,CHALLENGE_GET_ALL_ATTACHMENTS,CHALLENGE_BLANK,10,iw5_m16,0,,,11,10000,,,,,,,,,,,,,,,,
ch_marksman_iw5_acr,WEAPON_ACR,CHALLENGE_GET_N_KILLS,CHALLENGE_MARKSMAN,1,iw5_acr,49,,,10,250,25,1000,75,2000,150,5000,300,10000,500,10000,750,10000,1000,10000,,
ch_expert_iw5_acr,WEAPON_ACR,CHALLENGE_GET_N_HEADSHOTS,CHALLENGE_EXPERT,1,iw5_acr,49,,,5,500,15,1000,30,2500,75,5000,150,10000,250,10000,350,10000,500,10000,,
ch_iw5_acr_reflex,WEAPON_ACR,CHALLENGE_GET_N_KILLS_REFLEX,CHALLENGE_ATTACHMENT_REFLEX,1,iw5_acr_reflex,,,,60,1000,,,,,,,,,,,,,,,,
ch_iw5_acr_silencer,WEAPON_ACR,CHALLENGE_GET_N_KILLS_SILENCER,CHALLENGE_ATTACHMENT_SILENCER,1,iw5_acr_silencer,,,,15,750,,,,,,,,,,,,,,,,
ch_iw5_acr_m320,WEAPON_ACR,CHALLENGE_GET_N_KILLS_GL,CHALLENGE_ATTACHMENT_GL,1,iw5_acr_m320,,,,20,750,,,,,,,,,,,,,,,,
ch_iw5_acr_acog,WEAPON_ACR,CHALLENGE_GET_N_KILLS_ACOG,CHALLENGE_ATTACHMENT_ACOG,1,iw5_acr_acog,,,,20,750,,,,,,,,,,,,,,,,
ch_iw5_acr_hybrid,WEAPON_ACR,CHALLENGE_GET_N_KILLS_HYBRID,CHALLENGE_ATTACHMENT_HYBRID,1,iw5_acr_hybrid,,,,40,1000,,,,,,,,,,,,,,,,
ch_iw5_acr_shotgun,WEAPON_ACR,CHALLENGE_GET_N_KILLS_SHOTGUN,CHALLENGE_ATTACHMENT_SHOTGUN,1,iw5_acr_shotgun,,,,40,1000,,,,,,,,,,,,,,,,
ch_iw5_acr_eotech,WEAPON_ACR,CHALLENGE_GET_N_KILLS_EOTECH,CHALLENGE_ATTACHMENT_EOTECH,1,iw5_acr_eotech,,,,40,1000,,,,,,,,,,,,,,,,
ch_iw5_acr_xmags,WEAPON_ACR,CHALLENGE_GET_N_KILLS_XMAGS,CHALLENGE_ATTACHMENT_XMAGS,1,iw5_acr_xmags,,,,40,1000,,,,,,,,,,,,,,,,
ch_iw5_acr_thermal,WEAPON_ACR,CHALLENGE_GET_N_KILLS_THERMAL,CHALLENGE_ATTACHMENT_THERMAL,1,iw5_acr_thermal,,,,40,1000,,,,,,,,,,,,,,,,
ch_iw5_acr_mastery,CHALLENGE_ACR_MASTERY,CHALLENGE_GET_ALL_ATTACHMENTS,CHALLENGE_BLANK,10,iw5_acr,49,,,10,10000,,,,,,,,,,,,,,,,
ch_marksman_iw5_fad,WEAPON_FAD,CHALLENGE_GET_N_KILLS,CHALLENGE_MARKSMAN,1,iw5_fad,77,,,10,250,25,1000,75,2000,150,5000,300,10000,500,10000,750,10000,1000,10000,,
ch_expert_iw5_fad,WEAPON_FAD,CHALLENGE_GET_N_HEADSHOTS,CHALLENGE_EXPERT,1,iw5_fad,77,,,5,500,15,1000,30,2500,75,5000,150,10000,250,10000,350,10000,500,10000,,
ch_iw5_fad_reflex,WEAPON_FAD,CHALLENGE_GET_N_KILLS_REFLEX,CHALLENGE_ATTACHMENT_REFLEX,1,iw5_fad_reflex,,,,60,1000,,,,,,,,,,,,,,,,
ch_iw5_fad_silencer,WEAPON_FAD,CHALLENGE_GET_N_KILLS_SILENCER,CHALLENGE_ATTACHMENT_SILENCER,1,iw5_fad_silencer,,,,15,750,,,,,,,,,,,,,,,,
ch_iw5_fad_m320,WEAPON_FAD,CHALLENGE_GET_N_KILLS_GL,CHALLENGE_ATTACHMENT_GL,1,iw5_fad_m320,,,,20,750,,,,,,,,,,,,,,,,
ch_iw5_fad_acog,WEAPON_FAD,CHALLENGE_GET_N_KILLS_ACOG,CHALLENGE_ATTACHMENT_ACOG,1,iw5_fad_acog,,,,20,750,,,,,,,,,,,,,,,,
ch_iw5_fad_hybrid,WEAPON_FAD,CHALLENGE_GET_N_KILLS_HYBRID,CHALLENGE_ATTACHMENT_HYBRID,1,iw5_fad_hybrid,,,,40,1000,,,,,,,,,,,,,,,,
ch_iw5_fad_shotgun,WEAPON_FAD,CHALLENGE_GET_N_KILLS_SHOTGUN,CHALLENGE_ATTACHMENT_SHOTGUN,1,iw5_fad_shotgun,,,,40,1000,,,,,,,,,,,,,,,,
ch_iw5_fad_eotech,WEAPON_FAD,CHALLENGE_GET_N_KILLS_EOTECH,CHALLENGE_ATTACHMENT_EOTECH,1,iw5_fad_eotech,,,,40,1000,,,,,,,,,,,,,,,,
ch_iw5_fad_xmags,WEAPON_FAD,CHALLENGE_GET_N_KILLS_XMAGS,CHALLENGE_ATTACHMENT_XMAGS,1,iw5_fad_xmags,,,,40,1000,,,,,,,,,,,,,,,,
ch_iw5_fad_thermal,WEAPON_FAD,CHALLENGE_GET_N_KILLS_THERMAL,CHALLENGE_ATTACHMENT_THERMAL,1,iw5_fad_thermal,,,,40,1000,,,,,,,,,,,,,,,,
ch_iw5_fad_mastery,CHALLENGE_FAD_MASTERY,CHALLENGE_GET_ALL_ATTACHMENTS,CHALLENGE_BLANK,10,iw5_fad,77,,,10,10000,,,,,,,,,,,,,,,,
ch_marksman_iw5_ak47,WEAPON_AK47,CHALLENGE_GET_N_KILLS,CHALLENGE_MARKSMAN,1,iw5_ak47,67,,,10,250,25,1000,75,2000,150,5000,300,10000,500,10000,750,10000,1000,10000,,
ch_expert_iw5_ak47,WEAPON_AK47,CHALLENGE_GET_N_HEADSHOTS,CHALLENGE_EXPERT,1,iw5_ak47,67,,,5,500,15,1000,30,2500,75,5000,150,10000,250,10000,350,10000,500,10000,,
ch_iw5_ak47_reflex,WEAPON_AK47,CHALLENGE_GET_N_KILLS_REFLEX,CHALLENGE_ATTACHMENT_REFLEX,1,iw5_ak47_reflex,,,,60,1000,,,,,,,,,,,,,,,,
ch_iw5_ak47_silencer,WEAPON_AK47,CHALLENGE_GET_N_KILLS_SILENCER,CHALLENGE_ATTACHMENT_SILENCER,1,iw5_ak47_silencer,,,,15,750,,,,,,,,,,,,,,,,
ch_iw5_ak47_gp25,WEAPON_AK47,CHALLENGE_GET_N_KILLS_GL,CHALLENGE_ATTACHMENT_GL,1,iw5_ak47_gp25,,,,20,750,,,,,,,,,,,,,,,,
ch_iw5_ak47_acog,WEAPON_AK47,CHALLENGE_GET_N_KILLS_ACOG,CHALLENGE_ATTACHMENT_ACOG,1,iw5_ak47_acog,,,,20,750,,,,,,,,,,,,,,,,
ch_iw5_ak47_hybrid,WEAPON_AK47,CHALLENGE_GET_N_KILLS_HYBRID,CHALLENGE_ATTACHMENT_HYBRID,1,iw5_ak47_hybrid,,,,40,1000,,,,,,,,,,,,,,,,
ch_iw5_ak47_shotgun,WEAPON_AK47,CHALLENGE_GET_N_KILLS_SHOTGUN,CHALLENGE_ATTACHMENT_SHOTGUN,1,iw5_ak47_shotgun,,,,40,1000,,,,,,,,,,,,,,,,
ch_iw5_ak47_eotech,WEAPON_AK47,CHALLENGE_GET_N_KILLS_EOTECH,CHALLENGE_ATTACHMENT_EOTECH,1,iw5_ak47_eotech,,,,40,1000,,,,,,,,,,,,,,,,
ch_iw5_ak47_xmags,WEAPON_AK47,CHALLENGE_GET_N_KILLS_XMAGS,CHALLENGE_ATTACHMENT_XMAGS,1,iw5_ak47_xmags,,,,40,1000,,,,,,,,,,,,,,,,
ch_iw5_ak47_thermal,WEAPON_AK47,CHALLENGE_GET_N_KILLS_THERMAL,CHALLENGE_ATTACHMENT_THERMAL,1,iw5_ak47_thermal,,,,40,1000,,,,,,,,,,,,,,,,
ch_iw5_ak47_mastery,CHALLENGE_AK47_MASTERY,CHALLENGE_GET_ALL_ATTACHMENTS,CHALLENGE_BLANK,10,iw5_ak47,67,,,10,10000,,,,,,,,,,,,,,,,
ch_marksman_iw5_mp5,WEAPON_MP5K,CHALLENGE_GET_N_KILLS,CHALLENGE_MARKSMAN,1,iw5_mp5,0,,,10,500,25,1000,75,2000,150,5000,300,10000,500,10000,750,10000,1000,10000,,
ch_expert_iw5_mp5,WEAPON_MP5K,CHALLENGE_GET_N_HEADSHOTS,CHALLENGE_EXPERT,1,iw5_mp5,0,,,5,500,15,1000,30,2500,75,5000,150,10000,250,10000,350,10000,500,10000,,
ch_iw5_mp5_reflex,WEAPON_MP5K,CHALLENGE_GET_N_KILLS_REFLEX,CHALLENGE_ATTACHMENT_REFLEX,1,iw5_mp5_reflex,,,,60,1000,,,,,,,,,,,,,,,,
ch_iw5_mp5_silencer,WEAPON_MP5K,CHALLENGE_GET_N_KILLS_SILENCER,CHALLENGE_ATTACHMENT_SILENCER,1,iw5_mp5_silencer,,,,60,1000,,,,,,,,,,,,,,,,
ch_iw5_mp5_rof,WEAPON_MP5K,CHALLENGE_GET_N_KILLS_ROF,CHALLENGE_ATTACHMENT_ROF,1,iw5_mp5_rof,,,,30,1000,,,,,,,,,,,,,,,,
ch_iw5_mp5_acog,WEAPON_MP5K,CHALLENGE_GET_N_KILLS_ACOG,CHALLENGE_ATTACHMENT_ACOG,1,iw5_mp5_acog,,,,20,750,,,,,,,,,,,,,,,,
ch_iw5_mp5_hamrhybrid,WEAPON_MP5K,CHALLENGE_GET_N_KILLS_HAMRHYBRID,CHALLENGE_ATTACHMENT_HAMRHYBRID,1,iw5_mp5_hamrhybrid,,,,40,1000,,,,,,,,,,,,,,,,
ch_iw5_mp5_eotech,WEAPON_MP5K,CHALLENGE_GET_N_KILLS_EOTECH,CHALLENGE_ATTACHMENT_EOTECH,1,iw5_mp5_eotech,,,,20,750,,,,,,,,,,,,,,,,
ch_iw5_mp5_xmags,WEAPON_MP5K,CHALLENGE_GET_N_KILLS_XMAGS,CHALLENGE_ATTACHMENT_XMAGS,1,iw5_mp5_xmags,,,,40,1000,,,,,,,,,,,,,,,,
ch_iw5_mp5_thermal,WEAPON_MP5K,CHALLENGE_GET_N_KILLS_THERMAL,CHALLENGE_ATTACHMENT_THERMAL,1,iw5_mp5_thermal,,,,40,1000,,,,,,,,,,,,,,,,
ch_iw5_mp5_mastery,CHALLENGE_MP5K_MASTERY,CHALLENGE_GET_ALL_ATTACHMENTS,CHALLENGE_BLANK,10,iw5_mp5,0,,,8,10000,,,,,,,,,,,,,,,,
ch_marksman_iw5_p90,WEAPON_P90,CHALLENGE_GET_N_KILLS,CHALLENGE_MARKSMAN,1,iw5_p90,0,,,10,500,25,1000,75,2000,150,5000,300,10000,500,10000,750,10000,1000,10000,,
ch_expert_iw5_p90,WEAPON_P90,CHALLENGE_GET_N_HEADSHOTS,CHALLENGE_EXPERT,1,iw5_p90,0,,,5,500,15,1000,30,2500,75,5000,150,10000,250,10000,350,10000,500,10000,,
ch_iw5_p90_reflex,WEAPON_P90,CHALLENGE_GET_N_KILLS_REFLEX,CHALLENGE_ATTACHMENT_REFLEX,1,iw5_p90_reflex,,,,60,1000,,,,,,,,,,,,,,,,
ch_iw5_p90_silencer,WEAPON_P90,CHALLENGE_GET_N_KILLS_SILENCER,CHALLENGE_ATTACHMENT_SILENCER,1,iw5_p90_silencer,,,,60,1000,,,,,,,,,,,,,,,,
ch_iw5_p90_rof,WEAPON_P90,CHALLENGE_GET_N_KILLS_ROF,CHALLENGE_ATTACHMENT_ROF,1,iw5_p90_rof,,,,30,1000,,,,,,,,,,,,,,,,
ch_iw5_p90_acog,WEAPON_P90,CHALLENGE_GET_N_KILLS_ACOG,CHALLENGE_ATTACHMENT_ACOG,1,iw5_p90_acog,,,,20,750,,,,,,,,,,,,,,,,
ch_iw5_p90_hamrhybrid,WEAPON_P90,CHALLENGE_GET_N_KILLS_HAMRHYBRID,CHALLENGE_ATTACHMENT_HAMRHYBRID,1,iw5_p90_hamrhybrid,,,,40,1000,,,,,,,,,,,,,,,,
ch_iw5_p90_eotech,WEAPON_P90,CHALLENGE_GET_N_KILLS_EOTECH,CHALLENGE_ATTACHMENT_EOTECH,1,iw5_p90_eotech,,,,20,750,,,,,,,,,,,,,,,,
ch_iw5_p90_xmags,WEAPON_P90,CHALLENGE_GET_N_KILLS_XMAGS,CHALLENGE_ATTACHMENT_XMAGS,1,iw5_p90_xmags,,,,40,1000,,,,,,,,,,,,,,,,
ch_iw5_p90_thermal,WEAPON_P90,CHALLENGE_GET_N_KILLS_THERMAL,CHALLENGE_ATTACHMENT_THERMAL,1,iw5_p90_thermal,,,,40,1000,,,,,,,,,,,,,,,,
ch_iw5_p90_mastery,CHALLENGE_P90_MASTERY,CHALLENGE_GET_ALL_ATTACHMENTS,CHALLENGE_BLANK,10,iw5_p90,0,,,8,10000,,,,,,,,,,,,,,,,
ch_marksman_iw5_sa80,WEAPON_SA80,CHALLENGE_GET_N_KILLS,CHALLENGE_MARKSMAN,1,iw5_sa80,0,,,10,500,25,1000,75,2000,150,5000,300,10000,500,10000,750,10000,1000,10000,,
ch_expert_iw5_sa80,WEAPON_SA80,CHALLENGE_GET_N_HEADSHOTS,CHALLENGE_EXPERT,1,iw5_sa80,0,,,5,500,15,1000,30,2500,75,5000,150,10000,250,10000,350,10000,500,10000,,
ch_iw5_sa80_reflex,WEAPON_SA80,CHALLENGE_GET_N_KILLS_REFLEX,CHALLENGE_ATTACHMENT_REFLEX,1,iw5_sa80_reflex,,,,60,1000,,,,,,,,,,,,,,,,
ch_iw5_sa80_silencer,WEAPON_SA80,CHALLENGE_GET_N_KILLS_SILENCER,CHALLENGE_ATTACHMENT_SILENCER,1,iw5_sa80_silencer,,,,15,750,,,,,,,,,,,,,,,,
ch_iw5_sa80_grip,WEAPON_SA80,CHALLENGE_GET_N_KILLS_GRIP,CHALLENGE_ATTACHMENT_GRIP,1,iw5_sa80_grip,,,,60,1000,,,,,,,,,,,,,,,,
ch_iw5_sa80_acog,WEAPON_SA80,CHALLENGE_GET_N_KILLS_ACOG,CHALLENGE_ATTACHMENT_ACOG,1,iw5_sa80_acog,,,,20,750,,,,,,,,,,,,,,,,
ch_iw5_sa80_rof,WEAPON_SA80,CHALLENGE_GET_N_KILLS_ROF,CHALLENGE_ATTACHMENT_ROF,1,iw5_sa80_rof,,,,40,1000,,,,,,,,,,,,,,,,
ch_iw5_sa80_eotech,WEAPON_SA80,CHALLENGE_GET_N_KILLS_EOTECH,CHALLENGE_ATTACHMENT_EOTECH,1,iw5_sa80_eotech,,,,40,1000,,,,,,,,,,,,,,,,
ch_iw5_sa80_xmags,WEAPON_SA80,CHALLENGE_GET_N_KILLS_XMAGS,CHALLENGE_ATTACHMENT_XMAGS,1,iw5_sa80_xmags,,,,40,1000,,,,,,,,,,,,,,,,
ch_iw5_sa80_thermal,WEAPON_SA80,CHALLENGE_GET_N_KILLS_THERMAL,CHALLENGE_ATTACHMENT_THERMAL,1,iw5_sa80_thermal,,,,40,1000,,,,,,,,,,,,,,,,
ch_iw5_sa80_mastery,CHALLENGE_SA80_MASTERY,CHALLENGE_GET_ALL_ATTACHMENTS,CHALLENGE_BLANK,10,iw5_sa80,0,,,9,10000,,,,,,,,,,,,,,,,
ch_marksman_iw5_mg36,WEAPON_MG36,CHALLENGE_GET_N_KILLS,CHALLENGE_MARKSMAN,1,iw5_mg36,0,,,10,500,25,1000,75,2000,150,5000,300,10000,500,10000,750,10000,1000,10000,,
ch_expert_iw5_mg36,WEAPON_MG36,CHALLENGE_GET_N_HEADSHOTS,CHALLENGE_EXPERT,1,iw5_mg36,0,,,5,500,15,1000,30,2500,75,5000,150,10000,250,10000,350,10000,500,10000,,
ch_iw5_mg36_reflex,WEAPON_MG36,CHALLENGE_GET_N_KILLS_REFLEX,CHALLENGE_ATTACHMENT_REFLEX,1,iw5_mg36_reflex,,,,60,1000,,,,,,,,,,,,,,,,
ch_iw5_mg36_silencer,WEAPON_MG36,CHALLENGE_GET_N_KILLS_SILENCER,CHALLENGE_ATTACHMENT_SILENCER,1,iw5_mg36_silencer,,,,15,750,,,,,,,,,,,,,,,,
ch_iw5_mg36_grip,WEAPON_MG36,CHALLENGE_GET_N_KILLS_GRIP,CHALLENGE_ATTACHMENT_GRIP,1,iw5_mg36_grip,,,,60,1000,,,,,,,,,,,,,,,,
ch_iw5_mg36_acog,WEAPON_MG36,CHALLENGE_GET_N_KILLS_ACOG,CHALLENGE_ATTACHMENT_ACOG,1,iw5_mg36_acog,,,,20,750,,,,,,,,,,,,,,,,
ch_iw5_mg36_rof,WEAPON_MG36,CHALLENGE_GET_N_KILLS_ROF,CHALLENGE_ATTACHMENT_ROF,1,iw5_mg36_rof,,,,40,1000,,,,,,,,,,,,,,,,
ch_iw5_mg36_eotech,WEAPON_MG36,CHALLENGE_GET_N_KILLS_EOTECH,CHALLENGE_ATTACHMENT_EOTECH,1,iw5_mg36_eotech,,,,40,1000,,,,,,,,,,,,,,,,
ch_iw5_mg36_xmags,WEAPON_MG36,CHALLENGE_GET_N_KILLS_XMAGS,CHALLENGE_ATTACHMENT_XMAGS,1,iw5_mg36_xmags,,,,40,1000,,,,,,,,,,,,,,,,
ch_iw5_mg36_thermal,WEAPON_MG36,CHALLENGE_GET_N_KILLS_THERMAL,CHALLENGE_ATTACHMENT_THERMAL,1,iw5_mg36_thermal,,,,40,1000,,,,,,,,,,,,,,,,
ch_iw5_mg36_mastery,CHALLENGE_MG36_MASTERY,CHALLENGE_GET_ALL_ATTACHMENTS,CHALLENGE_BLANK,10,iw5_mg36,0,,,9,10000,,,,,,,,,,,,,,,,
ch_marksman_iw5_m60,WEAPON_M60,CHALLENGE_GET_N_KILLS,CHALLENGE_MARKSMAN,1,iw5_m60,0,,,10,500,25,1000,75,2000,150,5000,300,10000,500,10000,750,10000,1000,10000,,
ch_expert_iw5_m60,WEAPON_M60,CHALLENGE_GET_N_HEADSHOTS,CHALLENGE_EXPERT,1,iw5_m60,0,,,5,500,15,1000,30,2500,75,5000,150,10000,250,10000,350,10000,500,10000,,
ch_iw5_m60_reflex,WEAPON_M60,CHALLENGE_GET_N_KILLS_REFLEX,CHALLENGE_ATTACHMENT_REFLEX,1,iw5_m60_reflex,,,,60,1000,,,,,,,,,,,,,,,,
ch_iw5_m60_silencer,WEAPON_M60,CHALLENGE_GET_N_KILLS_SILENCER,CHALLENGE_ATTACHMENT_SILENCER,1,iw5_m60_silencer,,,,15,750,,,,,,,,,,,,,,,,
ch_iw5_m60_grip,WEAPON_M60,CHALLENGE_GET_N_KILLS_GRIP,CHALLENGE_ATTACHMENT_GRIP,1,iw5_m60_grip,,,,60,1000,,,,,,,,,,,,,,,,
ch_iw5_m60_acog,WEAPON_M60,CHALLENGE_GET_N_KILLS_ACOG,CHALLENGE_ATTACHMENT_ACOG,1,iw5_m60_acog,,,,20,750,,,,,,,,,,,,,,,,
ch_iw5_m60_rof,WEAPON_M60,CHALLENGE_GET_N_KILLS_ROF,CHALLENGE_ATTACHMENT_ROF,1,iw5_m60_rof,,,,40,1000,,,,,,,,,,,,,,,,
ch_iw5_m60_eotech,WEAPON_M60,CHALLENGE_GET_N_KILLS_EOTECH,CHALLENGE_ATTACHMENT_EOTECH,1,iw5_m60_eotech,,,,40,1000,,,,,,,,,,,,,,,,
ch_iw5_m60_xmags,WEAPON_M60,CHALLENGE_GET_N_KILLS_XMAGS,CHALLENGE_ATTACHMENT_XMAGS,1,iw5_m60_xmags,,,,40,1000,,,,,,,,,,,,,,,,
ch_iw5_m60_thermal,WEAPON_M60,CHALLENGE_GET_N_KILLS_THERMAL,CHALLENGE_ATTACHMENT_THERMAL,1,iw5_m60_thermal,,,,40,1000,,,,,,,,,,,,,,,,
ch_iw5_m60_mastery,CHALLENGE_M60_MASTERY,CHALLENGE_GET_ALL_ATTACHMENTS,CHALLENGE_BLANK,10,iw5_m60,0,,,8,10000,,,,,,,,,,,,,,,,
ch_marksman_iw5_barrett,WEAPON_BARRETT,CHALLENGE_GET_N_KILLS,CHALLENGE_MARKSMAN,1,iw5_barrett,0,,,10,250,25,1000,75,2000,150,5000,300,10000,500,10000,750,10000,1000,10000,,
ch_expert_iw5_barrett,WEAPON_BARRETT,CHALLENGE_GET_N_HEADSHOTS,CHALLENGE_EXPERT,1,iw5_barrett,0,,,5,500,15,1000,30,2500,75,5000,150,10000,250,10000,350,10000,500,10000,,
ch_iw5_barrett_acog,WEAPON_BARRETT,CHALLENGE_GET_N_KILLS_ACOG,CHALLENGE_ATTACHMENT_ACOG,1,iw5_barrett_acog,,,,20,750,,,,,,,,,,,,,,,,
ch_iw5_barrett_silencer,WEAPON_BARRETT,CHALLENGE_GET_N_KILLS_SILENCER,CHALLENGE_ATTACHMENT_SILENCER,1,iw5_barrett_silencer,,,,15,750,,,,,,,,,,,,,,,,
ch_iw5_barrett_thermal,WEAPON_BARRETT,CHALLENGE_GET_N_KILLS_THERMAL,CHALLENGE_ATTACHMENT_THERMAL,1,iw5_barrett_thermal,,,,40,1000,,,,,,,,,,,,,,,,
ch_iw5_barrett_xmags,WEAPON_BARRETT,CHALLENGE_GET_N_KILLS_XMAGS,CHALLENGE_ATTACHMENT_XMAGS,1,iw5_barrett_xmags,,,,40,1000,,,,,,,,,,,,,,,,
ch_iw5_barrett_vzscope,WEAPON_BARRETT,CHALLENGE_GET_N_KILLS_VZSCOPE,CHALLENGE_ATTACHMENT_VZSCOPE,1,iw5_barrett_vzscope,,,,40,1000,,,,,,,,,,,,,,,,
ch_iw5_barrett_mastery,CHALLENGE_BARRETT_MASTERY,CHALLENGE_GET_ALL_ATTACHMENTS,CHALLENGE_BLANK,10,iw5_barrett,0,,,6,10000,,,,,,,,,,,,,,,,
ch_marksman_iw5_as50,WEAPON_AS50,CHALLENGE_GET_N_KILLS,CHALLENGE_MARKSMAN,1,iw5_as50,21,,,10,250,25,1000,75,2000,150,5000,300,10000,500,10000,750,10000,1000,10000,,
ch_expert_iw5_as50,WEAPON_AS50,CHALLENGE_GET_N_HEADSHOTS,CHALLENGE_EXPERT,1,iw5_as50,21,,,5,500,15,1000,30,2500,75,5000,150,10000,250,10000,350,10000,500,10000,,
ch_iw5_as50_acog,WEAPON_AS50,CHALLENGE_GET_N_KILLS_ACOG,CHALLENGE_ATTACHMENT_ACOG,1,iw5_as50_acog,,,,20,750,,,,,,,,,,,,,,,,
ch_iw5_as50_silencer,WEAPON_AS50,CHALLENGE_GET_N_KILLS_SILENCER,CHALLENGE_ATTACHMENT_SILENCER,1,iw5_as50_silencer,,,,15,750,,,,,,,,,,,,,,,,
ch_iw5_as50_thermal,WEAPON_AS50,CHALLENGE_GET_N_KILLS_THERMAL,CHALLENGE_ATTACHMENT_THERMAL,1,iw5_as50_thermal,,,,40,1000,,,,,,,,,,,,,,,,
ch_iw5_as50_xmags,WEAPON_AS50,CHALLENGE_GET_N_KILLS_XMAGS,CHALLENGE_ATTACHMENT_XMAGS,1,iw5_as50_xmags,,,,40,1000,,,,,,,,,,,,,,,,
ch_iw5_as50_vzscope,WEAPON_AS50,CHALLENGE_GET_N_KILLS_VZSCOPE,CHALLENGE_ATTACHMENT_VZSCOPE,1,iw5_as50_vzscope,,,,40,1000,,,,,,,,,,,,,,,,
ch_iw5_as50_mastery,CHALLENGE_AS50_MASTERY,CHALLENGE_GET_ALL_ATTACHMENTS,CHALLENGE_BLANK,10,iw5_as50,21,,,6,10000,,,,,,,,,,,,,,,,
ch_marksman_iw5_ksg,WEAPON_KSG,CHALLENGE_GET_N_KILLS,CHALLENGE_MARKSMAN,1,iw5_ksg,0,,,10,500,25,1000,75,2500,150,5000,250,10000,400,10000,500,10000,1000,10000,,
ch_expert_iw5_ksg,WEAPON_KSG,CHALLENGE_GET_N_HEADSHOTS,CHALLENGE_EXPERT,1,iw5_ksg,0,,,5,500,10,1000,20,2500,40,5000,100,10000,200,10000,350,10000,500,10000,,
ch_iw5_ksg_grip,WEAPON_KSG,CHALLENGE_GET_N_KILLS_GRIP,CHALLENGE_ATTACHMENT_GRIP,1,iw5_ksg_grip,,,,20,750,,,,,,,,,,,,,,,,
ch_iw5_ksg_silencer,WEAPON_KSG,CHALLENGE_GET_N_KILLS_SILENCER,CHALLENGE_ATTACHMENT_SILENCER,1,iw5_ksg_silencer,,,,15,750,,,,,,,,,,,,,,,,
ch_iw5_ksg_reflex,WEAPON_KSG,CHALLENGE_GET_N_KILLS_REFLEX,CHALLENGE_ATTACHMENT_REFLEX,1,iw5_ksg_reflex,,,,60,1000,,,,,,,,,,,,,,,,
ch_iw5_ksg_eotech,WEAPON_KSG,CHALLENGE_GET_N_KILLS_EOTECH,CHALLENGE_ATTACHMENT_EOTECH,1,iw5_ksg_eotech,,,,40,1000,,,,,,,,,,,,,,,,
ch_iw5_ksg_xmags,WEAPON_KSG,CHALLENGE_GET_N_KILLS_XMAGS,CHALLENGE_ATTACHMENT_XMAGS,1,iw5_ksg_xmags,,,,40,1000,,,,,,,,,,,,,,,,
ch_iw5_ksg_mastery,CHALLENGE_KSG_MASTERY,CHALLENGE_GET_ALL_ATTACHMENTS,CHALLENGE_BLANK,10,iw5_ksg,,,,5,10000,,,,,,,,,,,,,,,,
ch_marksman_iw5_1887,WEAPON_MODEL1887,CHALLENGE_GET_N_KILLS,CHALLENGE_MARKSMAN,1,iw5_1887,61,,,10,500,50,1500,300,10000,1000,10000,2500,10000,,,,,,,,
ch_expert_iw5_1887,WEAPON_MODEL1887,CHALLENGE_GET_N_HEADSHOTS,CHALLENGE_EXPERT,1,iw5_1887,61,,,5,500,10,1000,20,2500,40,5000,100,10000,200,10000,350,10000,500,10000,,
ch_marksman_iw5_fmg9,WEAPON_FMG9,CHALLENGE_GET_N_KILLS,CHALLENGE_MARKSMAN,1,iw5_fmg9,0,,,10,500,25,1000,50,1500,75,2000,100,2500,150,3500,300,10000,1000,10000,,
ch_expert_iw5_fmg9,WEAPON_FMG9,CHALLENGE_GET_N_HEADSHOTS,CHALLENGE_EXPERT,1,iw5_fmg9,0,,,5,500,15,1000,30,2500,75,5000,150,10000,250,10000,350,10000,500,10000,,
ch_iw5_fmg9_silencer,WEAPON_FMG9,CHALLENGE_GET_N_KILLS_SILENCER,CHALLENGE_ATTACHMENT_SILENCER,1,iw5_fmg9_silencer,,,,40,1000,,,,,,,,,,,,,,,,
ch_iw5_fmg9_akimbo,WEAPON_FMG9,CHALLENGE_GET_N_KILLS_AKIMBO,CHALLENGE_ATTACHMENT_AKIMBO,1,iw5_fmg9_akimbo,,,,40,1000,,,,,,,,,,,,,,,,
ch_iw5_fmg9_reflex,WEAPON_FMG9,CHALLENGE_GET_N_KILLS_REFLEX,CHALLENGE_ATTACHMENT_REFLEX,1,iw5_fmg9_reflex,,,,40,1000,,,,,,,,,,,,,,,,
ch_iw5_fmg9_eotech,WEAPON_FMG9,CHALLENGE_GET_N_KILLS_EOTECH,CHALLENGE_ATTACHMENT_EOTECH,1,iw5_fmg9_eotech,,,,40,1000,,,,,,,,,,,,,,,,
ch_iw5_fmg9_xmags,WEAPON_FMG9,CHALLENGE_GET_N_KILLS_XMAGS,CHALLENGE_ATTACHMENT_XMAGS,1,iw5_fmg9_xmags,,,,40,1000,,,,,,,,,,,,,,,,
ch_iw5_fmg9_mastery,CHALLENGE_FMG9_MASTERY,CHALLENGE_GET_ALL_ATTACHMENTS,CHALLENGE_BLANK,10,iw5_fmg9,0,,,5,10000,,,,,,,,,,,,,,,,
ch_marksman_iw5_g18,WEAPON_GLOCK,CHALLENGE_GET_N_KILLS,CHALLENGE_MARKSMAN,1,iw5_g18,69,,,10,500,25,1000,50,1500,75,2000,100,2500,150,3500,300,10000,1000,10000,,
ch_expert_iw5_g18,WEAPON_GLOCK,CHALLENGE_GET_N_HEADSHOTS,CHALLENGE_EXPERT,1,iw5_g18,69,,,5,500,15,1000,30,2500,75,5000,150,10000,250,10000,350,10000,500,10000,,
ch_iw5_g18_silencer,WEAPON_GLOCK,CHALLENGE_GET_N_KILLS_SILENCER,CHALLENGE_ATTACHMENT_SILENCER,1,iw5_g18_silencer,,,,40,1000,,,,,,,,,,,,,,,,
ch_iw5_g18_akimbo,WEAPON_GLOCK,CHALLENGE_GET_N_KILLS_AKIMBO,CHALLENGE_ATTACHMENT_AKIMBO,1,iw5_g18_akimbo,,,,40,1000,,,,,,,,,,,,,,,,
ch_iw5_g18_reflex,WEAPON_GLOCK,CHALLENGE_GET_N_KILLS_REFLEX,CHALLENGE_ATTACHMENT_REFLEX,1,iw5_g18_reflex,,,,40,1000,,,,,,,,,,,,,,,,
ch_iw5_g18_eotech,WEAPON_GLOCK,CHALLENGE_GET_N_KILLS_EOTECH,CHALLENGE_ATTACHMENT_EOTECH,1,iw5_g18_eotech,,,,40,1000,,,,,,,,,,,,,,,,
ch_iw5_g18_xmags,WEAPON_GLOCK,CHALLENGE_GET_N_KILLS_XMAGS,CHALLENGE_ATTACHMENT_XMAGS,1,iw5_g18_xmags,,,,40,1000,,,,,,,,,,,,,,,,
ch_iw5_g18_mastery,CHALLENGE_GLOCK_MASTERY,CHALLENGE_GET_ALL_ATTACHMENTS,CHALLENGE_BLANK,10,iw5_g18,69,,,5,10000,,,,,,,,,,,,,,,,
ch_marksman_iw5_skorpion,WEAPON_SKORPION,CHALLENGE_GET_N_KILLS,CHALLENGE_MARKSMAN,1,iw5_skorpion,35,,,10,500,25,1000,50,1500,75,2000,100,2500,150,3500,300,10000,1000,10000,,
ch_expert_iw5_skorpion,WEAPON_SKORPION,CHALLENGE_GET_N_HEADSHOTS,CHALLENGE_EXPERT,1,iw5_skorpion,35,,,5,500,15,1000,30,2500,75,5000,150,10000,250,10000,350,10000,500,10000,,
ch_iw5_skorpion_silencer,WEAPON_SKORPION,CHALLENGE_GET_N_KILLS_SILENCER,CHALLENGE_ATTACHMENT_SILENCER,1,iw5_skorpion_silencer,,,,40,1000,,,,,,,,,,,,,,,,
ch_iw5_skorpion_akimbo,WEAPON_SKORPION,CHALLENGE_GET_N_KILLS_AKIMBO,CHALLENGE_ATTACHMENT_AKIMBO,1,iw5_skorpion_akimbo,,,,40,1000,,,,,,,,,,,,,,,,
ch_iw5_skorpion_reflex,WEAPON_SKORPION,CHALLENGE_GET_N_KILLS_REFLEX,CHALLENGE_ATTACHMENT_REFLEX,1,iw5_skorpion_reflex,,,,40,1000,,,,,,,,,,,,,,,,
ch_iw5_skorpion_eotech,WEAPON_SKORPION,CHALLENGE_GET_N_KILLS_EOTECH,CHALLENGE_ATTACHMENT_EOTECH,1,iw5_skorpion_eotech,,,,40,1000,,,,,,,,,,,,,,,,
ch_iw5_skorpion_xmags,WEAPON_SKORPION,CHALLENGE_GET_N_KILLS_XMAGS,CHALLENGE_ATTACHMENT_XMAGS,1,iw5_skorpion_xmags,,,,40,1000,,,,,,,,,,,,,,,,
ch_iw5_skorpion_mastery,CHALLENGE_SKORPION_MASTERY,CHALLENGE_GET_ALL_ATTACHMENTS,CHALLENGE_BLANK,10,iw5_skorpion,35,,,5,10000,,,,,,,,,,,,,,,,
ch_marksman_iw5_mp9,WEAPON_MP9,CHALLENGE_GET_N_KILLS,CHALLENGE_MARKSMAN,1,iw5_mp9,15,,,10,500,25,1000,50,1500,75,2000,100,2500,150,3500,300,10000,1000,10000,,
ch_expert_iw5_mp9,WEAPON_MP9,CHALLENGE_GET_N_HEADSHOTS,CHALLENGE_EXPERT,1,iw5_mp9,15,,,5,500,15,1000,30,2500,75,5000,150,10000,250,10000,350,10000,500,10000,,
ch_iw5_mp9_silencer,WEAPON_MP9,CHALLENGE_GET_N_KILLS_SILENCER,CHALLENGE_ATTACHMENT_SILENCER,1,iw5_mp9_silencer,,,,40,1000,,,,,,,,,,,,,,,,
ch_iw5_mp9_akimbo,WEAPON_MP9,CHALLENGE_GET_N_KILLS_AKIMBO,CHALLENGE_ATTACHMENT_AKIMBO,1,iw5_mp9_akimbo,,,,40,1000,,,,,,,,,,,,,,,,
ch_iw5_mp9_reflex,WEAPON_MP9,CHALLENGE_GET_N_KILLS_REFLEX,CHALLENGE_ATTACHMENT_REFLEX,1,iw5_mp9_reflex,,,,40,1000,,,,,,,,,,,,,,,,
ch_iw5_mp9_eotech,WEAPON_MP9,CHALLENGE_GET_N_KILLS_EOTECH,CHALLENGE_ATTACHMENT_EOTECH,1,iw5_mp9_eotech,,,,40,1000,,,,,,,,,,,,,,,,
ch_iw5_mp9_xmags,WEAPON_MP9,CHALLENGE_GET_N_KILLS_XMAGS,CHALLENGE_ATTACHMENT_XMAGS,1,iw5_mp9_xmags,,,,40,1000,,,,,,,,,,,,,,,,
ch_iw5_mp9_mastery,CHALLENGE_MP9_MASTERY,CHALLENGE_GET_ALL_ATTACHMENTS,CHALLENGE_BLANK,10,iw5_mp9,15,,,5,10000,,,,,,,,,,,,,,,,
ch_marksman_iw5_44magnum,WEAPON_44_MAGNUM,CHALLENGE_GET_N_KILLS,CHALLENGE_MARKSMAN,1,iw5_44magnum,45,,,10,500,25,1000,50,1500,75,2000,100,2500,150,3500,300,10000,1000,10000,,
ch_expert_iw5_44magnum,WEAPON_44_MAGNUM,CHALLENGE_GET_N_HEADSHOTS,CHALLENGE_EXPERT,1,iw5_44magnum,45,,,5,500,15,1000,30,2500,75,5000,150,10000,250,10000,350,10000,500,10000,,
ch_iw5_44magnum_akimbo,WEAPON_44_MAGNUM,CHALLENGE_GET_N_KILLS_AKIMBO,CHALLENGE_ATTACHMENT_AKIMBO,1,iw5_44magnum_akimbo,,,,40,1000,,,,,,,,,,,,,,,,
ch_iw5_44magnum_tactical,WEAPON_44_MAGNUM,CHALLENGE_GET_N_KILLS_TACTICAL,CHALLENGE_ATTACHMENT_TACTICAL,1,iw5_44magnum_tactical,,,,40,1000,,,,,,,,,,,,,,,,
ch_iw5_44magnum_mastery,CHALLENGE_44_MAGNUM_MASTERY,CHALLENGE_GET_ALL_ATTACHMENTS,CHALLENGE_BLANK,10,iw5_44magnum,45,,,2,10000,,,,,,,,,,,,,,,,
ch_marksman_iw5_fnfiveseven,WEAPON_FNFIVESEVEN,CHALLENGE_GET_N_KILLS,CHALLENGE_MARKSMAN,1,iw5_fnfiveseven,57,,,10,500,25,1000,50,1500,75,2000,100,2500,150,3500,300,10000,1000,10000,,
ch_expert_iw5_fnfiveseven,WEAPON_FNFIVESEVEN,CHALLENGE_GET_N_HEADSHOTS,CHALLENGE_EXPERT,1,iw5_fnfiveseven,57,,,5,500,15,1000,30,2500,75,5000,150,10000,250,10000,350,10000,500,10000,,
ch_iw5_fnfiveseven_silencer,WEAPON_FNFIVESEVEN,CHALLENGE_GET_N_KILLS_SILENCER,CHALLENGE_ATTACHMENT_SILENCER,1,iw5_fnfiveseven_silencer,,,,40,1000,,,,,,,,,,,,,,,,
ch_iw5_fnfiveseven_akimbo,WEAPON_FNFIVESEVEN,CHALLENGE_GET_N_KILLS_AKIMBO,CHALLENGE_ATTACHMENT_AKIMBO,1,iw5_fnfiveseven_akimbo,,,,40,1000,,,,,,,,,,,,,,,,
ch_iw5_fnfiveseven_tactical,WEAPON_FNFIVESEVEN,CHALLENGE_GET_N_KILLS_TACTICAL,CHALLENGE_ATTACHMENT_TACTICAL,1,iw5_fnfiveseven_tactical,,,,40,1000,,,,,,,,,,,,,,,,
ch_iw5_fnfiveseven_xmags,WEAPON_FNFIVESEVEN,CHALLENGE_GET_N_KILLS_XMAGS,CHALLENGE_ATTACHMENT_XMAGS,1,iw5_fnfiveseven_xmags,,,,40,1000,,,,,,,,,,,,,,,,
ch_iw5_fnfiveseven_mastery,CHALLENGE_FNFIVESEVEN_MASTERY,CHALLENGE_GET_ALL_ATTACHMENTS,CHALLENGE_BLANK,10,iw5_fnfiveseven,57,,,4,10000,,,,,,,,,,,,,,,,
ch_marksman_iw5_smaw,WEAPON_SMAW,CHALLENGE_GET_N_KILLS,CHALLENGE_MARKSMAN,1,iw5_smaw,0,,,10,250,25,1000,75,2000,150,5000,300,10000,500,10000,800,10000,1200,10000,,
ch_marksman_m320,WEAPON_M320,CHALLENGE_GET_N_KILLS,CHALLENGE_MARKSMAN,1,m320,0,,,10,250,25,1000,75,2000,150,5000,300,10000,500,10000,800,10000,1200,10000,,
ch_marksman_stinger,WEAPON_STINGER,CHALLENGE_PATCH_KILL_N_VEHICLES,CHALLENGE_MARKSMAN,1,stinger,39,,,3,250,8,1000,15,2000,25,5000,40,10000,60,10000,100,10000,250,10000,,
ch_marksman_javelin,WEAPON_JAVELIN,CHALLENGE_GET_N_KILLS,CHALLENGE_MARKSMAN,1,javelin,23,,,10,250,25,1000,75,2000,150,5000,300,10000,500,10000,800,10000,1200,10000,,
ch_marksman_rpg,WEAPON_RPG,CHALLENGE_GET_N_KILLS,CHALLENGE_MARKSMAN,1,rpg,0,,,10,250,25,1000,75,2000,150,5000,300,10000,500,10000,800,10000,1200,10000,,
ch_marksman_xm25,WEAPON_XM25,CHALLENGE_GET_N_KILLS,CHALLENGE_MARKSMAN,1,xm25,0,,,10,250,25,1000,75,2000,150,5000,300,10000,500,10000,800,10000,1200,10000,,
ch_prestige,MPUI_PRESTIGE,,CHALLENGE_LEVEL,1000,,0,,,1,0,2,0,3,0,4,0,5,0,6,0,7,0,8,0,9,0
ch_prestige_10,MPUI_PRESTIGE,,CHALLENGE_LEVEL,10000,,,,,1,0,,,,,,,,,,,,,,,,
pr_marksman_iw5_type95,WEAPON_TYPE95,CHALLENGE_GET_N_KILLS,CHALLENGE_PRESTIGE_MARKSMAN,1,iw5_type95,31,ch_prestige,,500,10000,1000,10000,2500,10000,,,,,,,,,,,,
pr_expert_iw5_type95,WEAPON_TYPE95,CHALLENGE_GET_N_HEADSHOTS,CHALLENGE_PRESTIGE_EXPERT,1,iw5_type95,31,ch_prestige,,250,10000,500,10000,1000,10000,,,,,,,,,,,,
pr_marksman_iw5_m16,WEAPON_M16,CHALLENGE_GET_N_KILLS,CHALLENGE_PRESTIGE_MARKSMAN,1,iw5_m16,0,ch_prestige,,500,10000,1000,10000,2500,10000,,,,,,,,,,,,
pr_expert_iw5_m16,WEAPON_M16,CHALLENGE_GET_N_HEADSHOTS,CHALLENGE_PRESTIGE_EXPERT,1,iw5_m16,0,ch_prestige,,250,10000,500,10000,1000,10000,,,,,,,,,,,,
pr_marksman_iw5_acr,WEAPON_ACR,CHALLENGE_GET_N_KILLS,CHALLENGE_PRESTIGE_MARKSMAN,1,iw5_acr,49,ch_prestige,,500,10000,1000,10000,2500,10000,,,,,,,,,,,,
pr_expert_iw5_acr,WEAPON_ACR,CHALLENGE_GET_N_HEADSHOTS,CHALLENGE_PRESTIGE_EXPERT,1,iw5_acr,49,ch_prestige,,250,10000,500,10000,1000,10000,,,,,,,,,,,,
pr_marksman_iw5_fad,WEAPON_FAD,CHALLENGE_GET_N_KILLS,CHALLENGE_PRESTIGE_MARKSMAN,1,iw5_fad,77,ch_prestige,,500,10000,1000,10000,2500,10000,,,,,,,,,,,,
pr_expert_iw5_fad,WEAPON_FAD,CHALLENGE_GET_N_HEADSHOTS,CHALLENGE_PRESTIGE_EXPERT,1,iw5_fad,77,ch_prestige,,250,10000,500,10000,1000,10000,,,,,,,,,,,,
pr_marksman_iw5_ak47,WEAPON_AK47,CHALLENGE_GET_N_KILLS,CHALLENGE_PRESTIGE_MARKSMAN,1,iw5_ak47,67,ch_prestige,,500,10000,1000,10000,2500,10000,,,,,,,,,,,,
pr_expert_iw5_ak47,WEAPON_AK47,CHALLENGE_GET_N_HEADSHOTS,CHALLENGE_PRESTIGE_EXPERT,1,iw5_ak47,67,ch_prestige,,250,10000,500,10000,1000,10000,,,,,,,,,,,,
pr_marksman_iw5_mp5,WEAPON_MP5K,CHALLENGE_GET_N_KILLS,CHALLENGE_PRESTIGE_MARKSMAN,1,iw5_mp5,0,ch_prestige,,500,10000,1000,10000,2500,10000,,,,,,,,,,,,
pr_expert_iw5_mp5,WEAPON_MP5K,CHALLENGE_GET_N_HEADSHOTS,CHALLENGE_PRESTIGE_EXPERT,1,iw5_mp5,0,ch_prestige,,250,10000,500,10000,1000,10000,,,,,,,,,,,,
pr_marksman_iw5_p90,WEAPON_P90,CHALLENGE_GET_N_KILLS,CHALLENGE_PRESTIGE_MARKSMAN,1,iw5_p90,0,ch_prestige,,500,10000,1000,10000,2500,10000,,,,,,,,,,,,
pr_expert_iw5_p90,WEAPON_P90,CHALLENGE_GET_N_HEADSHOTS,CHALLENGE_PRESTIGE_EXPERT,1,iw5_p90,0,ch_prestige,,250,10000,500,10000,1000,10000,,,,,,,,,,,,
pr_marksman_iw5_sa80,WEAPON_SA80,CHALLENGE_GET_N_KILLS,CHALLENGE_PRESTIGE_MARKSMAN,1,iw5_sa80,0,ch_prestige,,500,10000,1000,10000,2500,10000,,,,,,,,,,,,
pr_expert_iw5_sa80,WEAPON_SA80,CHALLENGE_GET_N_HEADSHOTS,CHALLENGE_PRESTIGE_EXPERT,1,iw5_sa80,0,ch_prestige,,250,10000,500,10000,1000,10000,,,,,,,,,,,,
pr_marksman_iw5_mg36,WEAPON_MG36,CHALLENGE_GET_N_KILLS,CHALLENGE_PRESTIGE_MARKSMAN,1,iw5_mg36,0,ch_prestige,,500,10000,1000,10000,2500,10000,,,,,,,,,,,,
pr_expert_iw5_mg36,WEAPON_MG36,CHALLENGE_GET_N_HEADSHOTS,CHALLENGE_PRESTIGE_EXPERT,1,iw5_mg36,0,ch_prestige,,250,10000,500,10000,1000,10000,,,,,,,,,,,,
pr_marksman_iw5_m60,WEAPON_M60,CHALLENGE_GET_N_KILLS,CHALLENGE_PRESTIGE_MARKSMAN,1,iw5_m60,0,ch_prestige,,500,10000,1000,10000,2500,10000,,,,,,,,,,,,
pr_expert_iw5_m60,WEAPON_M60,CHALLENGE_GET_N_HEADSHOTS,CHALLENGE_PRESTIGE_EXPERT,1,iw5_m60,0,ch_prestige,,250,10000,500,10000,1000,10000,,,,,,,,,,,,
pr_marksman_iw5_barrett,WEAPON_BARRETT,CHALLENGE_GET_N_KILLS,CHALLENGE_PRESTIGE_MARKSMAN,1,iw5_barrett,0,ch_prestige,,500,10000,1000,10000,2500,10000,,,,,,,,,,,,
pr_expert_iw5_barrett,WEAPON_BARRETT,CHALLENGE_GET_N_HEADSHOTS,CHALLENGE_PRESTIGE_EXPERT,1,iw5_barrett,0,ch_prestige,,250,10000,500,10000,1000,10000,,,,,,,,,,,,
pr_marksman_iw5_as50,WEAPON_AS50,CHALLENGE_GET_N_KILLS,CHALLENGE_PRESTIGE_MARKSMAN,1,iw5_as50,21,ch_prestige,,500,10000,1000,10000,2500,10000,,,,,,,,,,,,
pr_expert_iw5_as50,WEAPON_AS50,CHALLENGE_GET_N_HEADSHOTS,CHALLENGE_PRESTIGE_EXPERT,1,iw5_as50,21,ch_prestige,,250,10000,500,10000,1000,10000,,,,,,,,,,,,
pr_marksman_iw5_ksg,WEAPON_KSG,CHALLENGE_GET_N_KILLS,CHALLENGE_PRESTIGE_MARKSMAN,1,iw5_ksg,0,ch_prestige,,500,10000,1000,10000,2500,10000,,,,,,,,,,,,
pr_expert_iw5_ksg,WEAPON_KSG,CHALLENGE_GET_N_HEADSHOTS,CHALLENGE_PRESTIGE_EXPERT,1,iw5_ksg,0,ch_prestige,,250,10000,500,10000,1000,10000,,,,,,,,,,,,
pr_marksman_iw5_1887,WEAPON_MODEL1887,CHALLENGE_GET_N_KILLS,CHALLENGE_PRESTIGE_MARKSMAN,1,iw5_1887,61,ch_prestige,,500,10000,1000,10000,2500,10000,,,,,,,,,,,,
pr_expert_iw5_1887,WEAPON_MODEL1887,CHALLENGE_GET_N_HEADSHOTS,CHALLENGE_PRESTIGE_EXPERT,1,iw5_1887,61,ch_prestige,,250,10000,500,10000,1000,10000,,,,,,,,,,,,
pr_marksman_iw5_fmg9,WEAPON_FMG9,CHALLENGE_GET_N_KILLS,CHALLENGE_PRESTIGE_MARKSMAN,1,iw5_fmg9,0,ch_prestige,,500,10000,1000,10000,2500,10000,,,,,,,,,,,,
pr_expert_iw5_fmg9,WEAPON_FMG9,CHALLENGE_GET_N_HEADSHOTS,CHALLENGE_PRESTIGE_EXPERT,1,iw5_fmg9,0,ch_prestige,,250,10000,500,10000,1000,10000,,,,,,,,,,,,
pr_marksman_iw5_g18,WEAPON_GLOCK,CHALLENGE_GET_N_KILLS,CHALLENGE_PRESTIGE_MARKSMAN,1,iw5_g18,69,ch_prestige,,500,10000,1000,10000,2500,10000,,,,,,,,,,,,
pr_expert_iw5_g18,WEAPON_GLOCK,CHALLENGE_GET_N_HEADSHOTS,CHALLENGE_PRESTIGE_EXPERT,1,iw5_g18,69,ch_prestige,,250,10000,500,10000,1000,10000,,,,,,,,,,,,
pr_marksman_iw5_skorpion,WEAPON_SKORPION,CHALLENGE_GET_N_KILLS,CHALLENGE_PRESTIGE_MARKSMAN,1,iw5_skorpion,35,ch_prestige,,500,10000,1000,10000,2500,10000,,,,,,,,,,,,
pr_expert_iw5_skorpion,WEAPON_SKORPION,CHALLENGE_GET_N_HEADSHOTS,CHALLENGE_PRESTIGE_EXPERT,1,iw5_skorpion,35,ch_prestige,,250,10000,500,10000,1000,10000,,,,,,,,,,,,
pr_marksman_iw5_mp9,WEAPON_MP9,CHALLENGE_GET_N_KILLS,CHALLENGE_PRESTIGE_MARKSMAN,1,iw5_mp9,15,ch_prestige,,500,10000,1000,10000,2500,10000,,,,,,,,,,,,
pr_expert_iw5_mp9,WEAPON_MP9,CHALLENGE_GET_N_HEADSHOTS,CHALLENGE_PRESTIGE_EXPERT,1,iw5_mp9,15,ch_prestige,,250,10000,500,10000,1000,10000,,,,,,,,,,,,
pr_marksman_iw5_44magnum,WEAPON_44_MAGNUM,CHALLENGE_GET_N_KILLS,CHALLENGE_PRESTIGE_MARKSMAN,1,iw5_44magnum,45,ch_prestige,,500,10000,1000,10000,2500,10000,,,,,,,,,,,,
pr_expert_iw5_44magnum,WEAPON_44_MAGNUM,CHALLENGE_GET_N_HEADSHOTS,CHALLENGE_PRESTIGE_EXPERT,1,iw5_44magnum,45,ch_prestige,,250,10000,500,10000,1000,10000,,,,,,,,,,,,
pr_marksman_iw5_fnfiveseven,WEAPON_FNFIVESEVEN,CHALLENGE_GET_N_KILLS,CHALLENGE_PRESTIGE_MARKSMAN,1,iw5_fnfiveseven,57,ch_prestige,,500,10000,1000,10000,2500,10000,,,,,,,,,,,,
pr_expert_iw5_fnfiveseven,WEAPON_FNFIVESEVEN,CHALLENGE_GET_N_HEADSHOTS,CHALLENGE_PRESTIGE_EXPERT,1,iw5_fnfiveseven,57,ch_prestige,,250,10000,500,10000,1000,10000,,,,,,,,,,,,
pr_marksman_iw5_smaw,WEAPON_SMAW,CHALLENGE_GET_N_KILLS,CHALLENGE_PRESTIGE_MARKSMAN,1,iw5_smaw,0,ch_prestige,,500,10000,1000,10000,2500,10000,,,,,,,,,,,,
pr_expert_iw5_smaw,WEAPON_SMAW,CHALLENGE_GET_N_MULTIKILLS,CHALLENGE_PRESTIGE_EXPERT,1,iw5_smaw,0,ch_prestige,,250,10000,500,10000,1000,10000,,,,,,,,,,,,
pr_marksman_m320,WEAPON_M320,CHALLENGE_GET_N_KILLS,CHALLENGE_PRESTIGE_MARKSMAN,1,m320,0,,,500,10000,1000,10000,2500,10000,,,,,,,,,,,,
pr_expert_m320,WEAPON_M320,CHALLENGE_GET_N_MULTIKILLS,CHALLENGE_PRESTIGE_EXPERT,1,m320,0,,,250,10000,500,10000,1000,10000,,,,,,,,,,,,
pr_marksman_stinger,WEAPON_STINGER,CHALLENGE_PATCH_KILL_N_VEHICLES,CHALLENGE_PRESTIGE_MARKSMAN,1,stinger,39,ch_prestige,,500,10000,1000,10000,2000,10000,5000,10000,,,,,,,,,,
pr_expert_stinger,WEAPON_STINGER,CHALLENGE_KILL_N_HELICOPTERS,CHALLENGE_PRESTIGE_EXPERT,1,stinger,39,ch_prestige,,250,10000,500,10000,1000,10000,,,,,,,,,,,,
pr_marksman_javelin,WEAPON_JAVELIN,CHALLENGE_GET_N_KILLS,CHALLENGE_PRESTIGE_MARKSMAN,1,javelin,23,ch_prestige,,500,10000,1000,10000,2500,10000,,,,,,,,,,,,
pr_expert_javelin,WEAPON_JAVELIN,CHALLENGE_GET_N_MULTIKILLS,CHALLENGE_PRESTIGE_EXPERT,1,javelin,23,ch_prestige,,250,10000,500,10000,1000,10000,,,,,,,,,,,,
pr_marksman_rpg,WEAPON_RPG,CHALLENGE_GET_N_KILLS,CHALLENGE_PRESTIGE_MARKSMAN,1,rpg,0,ch_prestige,,500,10000,1000,10000,2500,10000,,,,,,,,,,,,
pr_expert_rpg,WEAPON_RPG,CHALLENGE_GET_N_MULTIKILLS,CHALLENGE_PRESTIGE_EXPERT,1,rpg,0,ch_prestige,,250,10000,500,10000,1000,10000,,,,,,,,,,,,
pr_marksman_xm25,WEAPON_XM25,CHALLENGE_GET_N_KILLS,CHALLENGE_PRESTIGE_MARKSMAN,1,xm25,0,ch_prestige,,500,10000,1000,10000,2500,10000,,,,,,,,,,,,
pr_expert_xm25,WEAPON_XM25,CHALLENGE_GET_N_MULTIKILLS,CHALLENGE_PRESTIGE_EXPERT,1,xm25,0,ch_prestige,,250,10000,500,10000,1000,10000,,,,,,,,,,,,
ch_longersprint_pro,CHALLENGE_LONGERSPRINT_PRO,CHALLENGE_SPRINT_N_MILES,CHALLENGE_LEVEL,10,perk_slot_0,,,,5280,500,26400,1000,52800,2500,105600,5000,211200,10000,422400,10000,,,,,,
ch_sleightofhand_pro,CHALLENGE_SLEIGHTOFHAND_PRO,CHALLENGE_GET_N_SOH_KILLS,CHALLENGE_LEVEL,10,perk_slot_0,,,,15,500,30,1000,60,2500,120,5000,300,10000,750,10000,,,,,,
ch_scavenger_pro,CHALLENGE_SCAVENGER_PRO,CHALLENGE_PICKUP_N_SCAVENGER_PACKS,CHALLENGE_LEVEL,10,perk_slot_0,,,,10,500,25,1000,50,2500,100,5000,250,10000,500,10000,,,,,,
ch_blindeye_pro,CHALLENGE_BLINDEYE_PRO,CHALLENGE_KILL_N_KILLSTREAKS,CHALLENGE_LEVEL,10,perk_slot_0,,,,3,500,10,1000,20,2500,40,5000,100,10000,250,10000,,,,,,
ch_paint_pro,CHALLENGE_PAINT_PRO,CHALLENGE_PAINT_N_ENEMIES,CHALLENGE_LEVEL,10,perk_slot_0,,,,15,500,30,1000,60,2500,120,5000,300,10000,750,10000,,,,,,
ch_hardline_pro,CHALLENGE_HARDLINE_PRO,CHALLENGE_GET_N_KILLSTREAKS,CHALLENGE_LEVEL,10,perk_slot_1,,,,10,500,20,1000,40,2500,80,5000,200,10000,500,10000,,,,,,
ch_coldblooded_pro,CHALLENGE_COLDBLOODED_PRO,CHALLENGE_GET_N_KILLS_WHILE_UAV_UP,CHALLENGE_LEVEL,10,perk_slot_1,,,,2,500,5,1000,10,2500,20,5000,50,10000,100,10000,,,,,,
ch_quickdraw_pro,CHALLENGE_QUICKDRAW_PRO,CHALLENGE_GET_N_QUICK_ADS_KILLS,CHALLENGE_LEVEL,10,perk_slot_1,,,,10,500,20,1000,40,2500,80,5000,200,10000,500,10000,,,,,,
ch_twoprimaries_pro,CHALLENGE_TWOPRIMARIES_PRO,CHALLENGE_GET_N_KILLS_WITH_SECOND_PRIMARY,CHALLENGE_LEVEL,10,perk_slot_1,,,,15,500,30,1000,60,2500,120,5000,300,10000,750,10000,,,,,,
ch_blastshield_pro,CHALLENGE_BLASTSHIELD_PRO,CHALLENGE_SURVIVE_N_EXPLOSIONS,CHALLENGE_LEVEL,10,perk_slot_1,,,,2,500,5,1000,10,2500,20,5000,50,10000,100,10000,,,,,,
ch_autospot_pro,CHALLENGE_AUTOSPOT_PRO,CHALLENGE_GET_N_KILLS_WHILE_HOLDING_BREATH,CHALLENGE_LEVEL,10,perk_slot_2,,,,5,500,10,1000,25,2500,50,5000,125,10000,250,10000,,,,,,
ch_detectexplosives_pro,CHALLENGE_DETECTEXPLOSIVES_PRO,CHALLENGE_GET_N_DE_KILLS,CHALLENGE_LEVEL,10,perk_slot_2,,,,5,500,10,1000,25,2500,50,5000,125,10000,250,10000,,,,,,
ch_bulletaccuracy_pro,CHALLENGE_BULLETACCURACY_PRO,CHALLENGE_GET_N_HIPFIRE_KILLS,CHALLENGE_LEVEL,10,perk_slot_2,,,,15,500,30,1000,60,2500,120,5000,300,10000,750,10000,,,,,,
ch_deadsilence_pro,CHALLENGE_DEADSILENCE_PRO,CHALLENGE_GET_N_CLOSE_DS_KILLS,CHALLENGE_LEVEL,10,perk_slot_2,,,,5,500,10,1000,25,2500,50,5000,125,10000,250,10000,,,,,,
ch_stalker_pro,CHALLENGE_STALKER_PRO,CHALLENGE_GET_N_KILLS_WHILE_ADS,CHALLENGE_LEVEL,10,perk_slot_2,,,,15,500,30,1000,60,2500,120,5000,300,10000,750,10000,,,,,,
ch_fastmantle,CHALLENGE_FASTMANTLE,CHALLENGE_MANTLE_N_OBJECTS,CHALLENGE_LEVEL,10,perk_slot_0,,,,3,500,10,1000,20,2500,40,5000,100,10000,250,10000,,,,,,
ch_quickswap,CHALLENGE_QUICKSWAP,CHALLENGE_GET_N_SWAP_KILLS,CHALLENGE_LEVEL,10,perk_slot_0,,,,15,500,30,1000,60,2500,120,5000,300,10000,750,10000,,,,,,
ch_extraammo,CHALLENGE_EXTRAAMMO,CHALLENGE_GET_N_KILLS_WITH_EXTRA_AMMO,CHALLENGE_LEVEL,10,perk_slot_0,,,,15,500,30,1000,60,2500,120,5000,300,10000,750,10000,,,,,,
ch_fasterlockon,CHALLENGE_FASTERLOCKON,CHALLENGE_KILL_N_KILLSTREAKS_WITH_LOCKON,CHALLENGE_LEVEL,10,perk_slot_0,,,,3,500,10,1000,20,2500,40,5000,100,10000,250,10000,,,,,,
ch_bulletpaint,CHALLENGE_BULLETPAINT,CHALLENGE_PAINT_N_ENEMIES_WITH_BULLETS,CHALLENGE_LEVEL,10,perk_slot_0,,,,15,500,30,1000,60,2500,120,5000,300,10000,750,10000,,,,,,
ch_hardlineassists,CHALLENGE_HARDLINE_ASSISTS,CHALLENGE_GET_N_KILLSTREAKS_WITH_ASSISTS,CHALLENGE_LEVEL,10,perk_slot_1,,,,10,500,20,1000,40,2500,80,5000,200,10000,500,10000,,,,,,
ch_spygame,CHALLENGE_SPYGAME,CHALLENGE_GET_N_KILLS_WHILE_CUAV_UP,CHALLENGE_LEVEL,10,perk_slot_1,,,,2,500,5,1000,10,2500,20,5000,50,10000,100,10000,,,,,,
ch_fastoffhand,CHALLENGE_FASTOFFHAND,CHALLENGE_GET_N_KILLS_WITH_OFFHAND,CHALLENGE_LEVEL,10,perk_slot_1,,,,10,500,20,1000,40,2500,80,5000,200,10000,500,10000,,,,,,
ch_secondprimary,CHALLENGE_SECONDPRIMARY,CHALLENGE_GET_N_KILLS_WITH_SECOND_PRIMARY_ATTACHMENT,CHALLENGE_LEVEL,10,perk_slot_1,,,,15,500,30,1000,60,2500,120,5000,300,10000,750,10000,,,,,,
ch_stunresistance,CHALLENGE_STUNRESISTANCE,CHALLENGE_GET_N_KILLS_AFTER_FLASHED_OR_STUNNED,CHALLENGE_LEVEL,10,perk_slot_1,,,,2,500,5,1000,10,2500,20,5000,50,10000,100,10000,,,,,,
ch_longdistance,CHALLENGE_LONGDISTANCE,CHALLENGE_GET_N_LONG_DISTANCE_KILLS,CHALLENGE_LEVEL,10,perk_slot_2,,,,2,500,5,1000,10,2500,20,5000,50,10000,100,10000,,,,,,
ch_selectivehearing,CHALLENGE_SELECTIVEHEARING,CHALLENGE_GET_N_KILLS_WITH_HEARING,CHALLENGE_LEVEL,10,perk_slot_2,,,,15,500,30,1000,60,2500,120,5000,300,10000,750,10000,,,,,,
ch_fastsprintrecovery,CHALLENGE_FASTSPRINTRECOVERY,CHALLENGE_GET_N_KILLS_AFTER_SPRINT,CHALLENGE_LEVEL,10,perk_slot_2,,,,10,500,20,1000,40,2500,80,5000,200,10000,500,10000,,,,,,
ch_falldamage,CHALLENGE_FALLDAMAGE,CHALLENGE_FALL_N_TIMES,CHALLENGE_LEVEL,10,perk_slot_2,,,,2,500,5,1000,10,2500,20,5000,50,10000,100,10000,,,,,,
ch_delaymine,CHALLENGE_DELAYMINE,CHALLENGE_TRIP_N_EXPLOSIVES,CHALLENGE_LEVEL,10,perk_slot_2,,,,2,500,5,1000,10,2500,20,5000,50,10000,100,10000,,,,,,
ch_kickstop,CHALLENGE_KICKSTOP,CHALLENGE_KILL_N_ENEMY_ADS_LESS_KICK,CHALLENGE_LEVEL,10,proficiency,,,,15,500,30,1000,60,2500,120,5000,300,10000,750,10000,,,,,,
ch_xrayvision,CHALLENGE_XRAY_VISION,CHALLENGE_KILL_N_ENEMY_THROUGH,CHALLENGE_LEVEL,10,proficiency,,,,15,500,30,1000,60,2500,120,5000,300,10000,750,10000,,,,,,
ch_blingbling,CHALLENGE_BLING_BLING,CHALLENGE_KILL_N_ENEMY_TWO_ATTACHMENTS,CHALLENGE_LEVEL,10,proficiency,,,,15,500,30,1000,60,2500,120,5000,300,10000,750,10000,,,,,,
ch_unshakeable,CHALLENGE_UNSHAKEABLE,CHALLENGE_KILL_N_ENEMY_AFTER_BEING_SHOT,CHALLENGE_LEVEL,10,proficiency,,,,15,500,30,1000,60,2500,120,5000,300,10000,750,10000,,,,,,
ch_holditrightthere,CHALLENGE_HOLD_IT_RIGHT_THERE,CHALLENGE_KILL_N_ENEMY_HOLDING_BREATH_ASSAULT,CHALLENGE_LEVEL,10,proficiency,,,,15,500,30,1000,60,2500,120,5000,300,10000,750,10000,,,,,,
ch_swayless,CHALLENGE_SWAYLESS,CHALLENGE_KILL_N_ENEMY_ADS_NO_SWAY,CHALLENGE_LEVEL,10,proficiency,,,,15,500,30,1000,60,2500,120,5000,300,10000,750,10000,,,,,,
ch_longishshot,CHALLENGE_LONGISH_SHOT,CHALLENGE_KILL_N_ENEMY_LONGER_RANGE,CHALLENGE_LEVEL,10,proficiency,,,,15,500,30,1000,60,2500,120,5000,300,10000,750,10000,,,,,,
ch_coldsteel,CHALLENGE_COLD_STEEL,CHALLENGE_KILL_N_ENEMY_FASTER_MELEE,CHALLENGE_LEVEL,10,proficiency,,,,15,500,30,1000,60,2500,120,5000,300,10000,750,10000,,,,,,
ch_lightweight,CHALLENGE_LIGHTWEIGHT,CHALLENGE_KILL_N_ENEMY_MOVING_FASTER,CHALLENGE_LEVEL,10,proficiency,,,,15,500,30,1000,60,2500,120,5000,300,10000,750,10000,,,,,,
ch_moredamage,CHALLENGE_MORE_DAMAGE,CHALLENGE_KILL_N_ENEMY_MORE_DAMAGE,CHALLENGE_LEVEL,10,proficiency,,,,15,500,30,1000,60,2500,120,5000,300,10000,750,10000,,,,,,
ch_uav,CHALLENGE_UAV,CHALLENGE_DESC_UAV,CHALLENGE_LEVEL,10,killstreaks_assault,,,,5,500,15,1000,30,2500,75,5000,150,10000,250,10000,350,10000,500,10000,,
ch_airdrop_assault,CHALLENGE_AIRDROP,CHALLENGE_DESC_AIRDROP,CHALLENGE_LEVEL,10,killstreaks_assault,,,,5,500,15,1000,30,2500,75,5000,150,10000,250,10000,350,10000,500,10000,,
ch_predator_missile,CHALLENGE_PREDATOR_MISSILE,CHALLENGE_DESC_PREDATOR_MISSILE,CHALLENGE_LEVEL,10,killstreaks_assault,,,,5,500,15,1000,30,2500,75,5000,150,10000,250,10000,350,10000,500,10000,,
ch_ims,CHALLENGE_IMS,CHALLENGE_DESC_IMS,CHALLENGE_LEVEL,10,killstreaks_assault,,,,5,500,15,1000,30,2500,75,5000,150,10000,250,10000,350,10000,500,10000,,
ch_airdrop_sentry_minigun,CHALLENGE_SENTRY,CHALLENGE_DESC_SENTRY,CHALLENGE_LEVEL,10,killstreaks_assault,,,,5,500,15,1000,30,2500,75,5000,150,10000,250,10000,350,10000,500,10000,,
ch_precision_airstrike,CHALLENGE_PRECISION_AIRSTRIKE,CHALLENGE_DESC_PRECISION_AIRSTRIKE,CHALLENGE_LEVEL,10,killstreaks_assault,,,,5,500,15,1000,30,2500,75,5000,150,10000,250,10000,350,10000,500,10000,,
ch_helicopter,CHALLENGE_HELICOPTER,CHALLENGE_DESC_HELICOPTER,CHALLENGE_LEVEL,10,killstreaks_assault,,,,5,500,15,1000,30,2500,75,5000,150,10000,250,10000,350,10000,500,10000,,
ch_littlebird_flock,CHALLENGE_HELICOPTER_FLOCK,CHALLENGE_DESC_HELICOPTER_FLOCK,CHALLENGE_LEVEL,10,killstreaks_assault,,,,3,250,8,1000,15,2000,25,5000,40,10000,60,10000,100,10000,250,10000,,
ch_littlebird_support,CHALLENGE_HELICOPTER_GUARD,CHALLENGE_DESC_HELICOPTER_GUARD,CHALLENGE_LEVEL,10,killstreaks_assault,,,,3,250,8,1000,15,2000,25,5000,40,10000,60,10000,100,10000,250,10000,,
ch_remote_mortar,CHALLENGE_REMOTE_MORTAR,CHALLENGE_DESC_REMOTE_MORTAR,CHALLENGE_LEVEL,10,killstreaks_assault,,,,3,250,8,1000,15,2000,25,5000,40,10000,60,10000,100,10000,250,10000,,
ch_airdrop_remote_tank,CHALLENGE_REMOTE_TANK,CHALLENGE_DESC_REMOTE_TANK,CHALLENGE_LEVEL,10,killstreaks_assault,,,,3,250,8,1000,15,2000,25,5000,40,10000,60,10000,100,10000,250,10000,,
ch_helicopter_flares,CHALLENGE_HELICOPTER_FLARES,CHALLENGE_DESC_HELICOPTER_FLARES,CHALLENGE_LEVEL,10,killstreaks_assault,,,,3,250,8,1000,15,2000,25,5000,40,10000,60,10000,100,10000,250,10000,,
ch_ac130,CHALLENGE_AC130,CHALLENGE_DESC_AC130,CHALLENGE_LEVEL,10,killstreaks_assault,,,,3,250,8,1000,15,2000,25,5000,40,10000,60,10000,100,10000,250,10000,,
ch_airdrop_juggernaut,CHALLENGE_JUGGERNAUT,CHALLENGE_DESC_JUGGERNAUT,CHALLENGE_LEVEL,10,killstreaks_assault,,,,3,250,8,1000,15,2000,25,5000,40,10000,60,10000,100,10000,250,10000,,
ch_osprey_gunner,CHALLENGE_OSPREY_GUNNER,CHALLENGE_DESC_OSPREY_GUNNER,CHALLENGE_LEVEL,10,killstreaks_assault,,,,3,250,8,1000,15,2000,25,5000,40,10000,60,10000,100,10000,250,10000,,
ch_assault_streaks,CHALLENGE_ASSAULT_STREAKS,CHALLENGE_DESC_ASSAULT_STREAKS,CHALLENGE_LEVEL,10,killstreaks_assault,,,,10,500,25,1000,50,1500,75,2000,100,2500,150,3500,300,10000,1000,10000,,
ch_uav_support,CHALLENGE_UAV_SUPPORT,CHALLENGE_DESC_UAV_SUPPORT,CHALLENGE_LEVEL,10,killstreaks_support,,,,5,500,15,1000,30,2500,75,5000,150,10000,250,10000,350,10000,500,10000,,
ch_counter_uav,CHALLENGE_COUNTER_UAV,CHALLENGE_DESC_COUNTER_UAV,CHALLENGE_LEVEL,10,killstreaks_support,,,,5,500,15,1000,30,2500,75,5000,150,10000,250,10000,350,10000,500,10000,,
ch_deployable_vest,CHALLENGE_DEPLOYABLE_VEST,CHALLENGE_DESC_DEPLOYABLE_VEST,CHALLENGE_LEVEL,10,killstreaks_support,,,,5,500,15,1000,30,2500,75,5000,150,10000,250,10000,350,10000,500,10000,,
ch_airdrop_trap,CHALLENGE_AIRDROP_TRAP,CHALLENGE_DESC_AIRDROP_TRAP,CHALLENGE_LEVEL,10,killstreaks_support,,,,5,500,15,1000,30,2500,75,5000,150,10000,250,10000,350,10000,500,10000,,
ch_sam_turret,CHALLENGE_SAM_TURRET,CHALLENGE_DESC_SAM_TURRET,CHALLENGE_LEVEL,10,killstreaks_support,,,,5,500,15,1000,30,2500,75,5000,150,10000,250,10000,350,10000,500,10000,,
ch_remote_uav,CHALLENGE_REMOTE_UAV,CHALLENGE_DESC_REMOTE_UAV,CHALLENGE_LEVEL,10,killstreaks_support,,,,5,500,15,1000,30,2500,75,5000,150,10000,250,10000,350,10000,500,10000,,
ch_directional_uav,CHALLENGE_ADVANCED_UAV,CHALLENGE_DESC_ADVANCED_UAV,CHALLENGE_LEVEL,10,killstreaks_support,,,,5,500,15,1000,30,2500,75,5000,150,10000,250,10000,350,10000,500,10000,,
ch_remote_mg_turret,CHALLENGE_REMOTE_TURRET,CHALLENGE_DESC_REMOTE_TURRET,CHALLENGE_LEVEL,10,killstreaks_support,,,,5,500,15,1000,30,2500,75,5000,150,10000,250,10000,350,10000,500,10000,,
ch_stealth_airstrike,CHALLENGE_STEALTH_AIRSTRIKE,CHALLENGE_DESC_STEALTH_AIRSTRIKE,CHALLENGE_LEVEL,10,killstreaks_support,,,,3,250,8,1000,15,2000,25,5000,40,10000,60,10000,100,10000,250,10000,,
ch_emp,CHALLENGE_EMP,CHALLENGE_DESC_EMP,CHALLENGE_LEVEL,10,killstreaks_support,,,,3,250,8,1000,15,2000,25,5000,40,10000,60,10000,100,10000,250,10000,,
ch_airdrop_juggernaut_recon,CHALLENGE_JUGGERNAUT_RECON,CHALLENGE_DESC_JUGGERNAUT_RECON,CHALLENGE_LEVEL,10,killstreaks_support,,,,3,250,8,1000,15,2000,25,5000,40,10000,60,10000,100,10000,250,10000,,
ch_escort_airdrop,CHALLENGE_ESCORT_AIRDROP,CHALLENGE_DESC_ESCORT_AIRDROP,CHALLENGE_LEVEL,10,killstreaks_support,,,,3,250,8,1000,15,2000,25,5000,40,10000,60,10000,100,10000,250,10000,,
ch_support_streaks,CHALLENGE_SUPPORT_STREAKS,CHALLENGE_DESC_SUPPORT_STREAKS,CHALLENGE_LEVEL,10,killstreaks_support,,,,10,500,25,1000,50,1500,75,2000,100,2500,150,3500,300,10000,1000,10000,,
ch_longersprint_ks,CHALLENGE_LONGERSPRINT_KS,CHALLENGE_DESC_LONGERSPRINT_KS,CHALLENGE_LEVEL,10,killstreaks_specialist,,,,5,500,15,1000,30,2500,75,5000,150,10000,250,10000,350,10000,500,10000,,
ch_fastreload_ks,CHALLENGE_FASTRELOAD_KS,CHALLENGE_DESC_FASTRELOAD_KS,CHALLENGE_LEVEL,10,killstreaks_specialist,,,,5,500,15,1000,30,2500,75,5000,150,10000,250,10000,350,10000,500,10000,,
ch_scavenger_ks,CHALLENGE_SCAVENGER_KS,CHALLENGE_DESC_SCAVENGER_KS,CHALLENGE_LEVEL,10,killstreaks_specialist,,,,5,500,15,1000,30,2500,75,5000,150,10000,250,10000,350,10000,500,10000,,
ch_blindeye_ks,CHALLENGE_BLINDEYE_KS,CHALLENGE_DESC_BLINDEYE_KS,CHALLENGE_LEVEL,10,killstreaks_specialist,,,,5,500,15,1000,30,2500,75,5000,150,10000,250,10000,350,10000,500,10000,,
ch_paint_ks,CHALLENGE_PAINT_KS,CHALLENGE_DESC_PAINT_KS,CHALLENGE_LEVEL,10,killstreaks_specialist,,,,5,500,15,1000,30,2500,75,5000,150,10000,250,10000,350,10000,500,10000,,
ch_hardline_ks,CHALLENGE_HARDLINE_KS,CHALLENGE_DESC_HARDLINE_KS,CHALLENGE_LEVEL,10,killstreaks_specialist,,,,5,500,15,1000,30,2500,75,5000,150,10000,250,10000,350,10000,500,10000,,
ch_coldblooded_ks,CHALLENGE_COLDBLOODED_KS,CHALLENGE_DESC_COLDBLOODED_KS,CHALLENGE_LEVEL,10,killstreaks_specialist,,,,5,500,15,1000,30,2500,75,5000,150,10000,250,10000,350,10000,500,10000,,
ch_quickdraw_ks,CHALLENGE_QUICKDRAW_KS,CHALLENGE_DESC_QUICKDRAW_KS,CHALLENGE_LEVEL,10,killstreaks_specialist,,,,5,500,15,1000,30,2500,75,5000,150,10000,250,10000,350,10000,500,10000,,
ch_blastshield_ks,CHALLENGE_BLASTSHIELD_KS,CHALLENGE_DESC_BLASTSHIELD_KS,CHALLENGE_LEVEL,10,killstreaks_specialist,,,,5,500,15,1000,30,2500,75,5000,150,10000,250,10000,350,10000,500,10000,,
ch_detectexplosive_ks,CHALLENGE_DETECTEXPLOSIVE_KS,CHALLENGE_DESC_DETECTEXPLOSIVE_KS,CHALLENGE_LEVEL,10,killstreaks_specialist,,,,5,500,15,1000,30,2500,75,5000,150,10000,250,10000,350,10000,500,10000,,
ch_autospot_ks,CHALLENGE_AUTOSPOT_KS,CHALLENGE_DESC_AUTOSPOT_KS,CHALLENGE_LEVEL,10,killstreaks_specialist,,,,5,500,15,1000,30,2500,75,5000,150,10000,250,10000,350,10000,500,10000,,
ch_bulletaccuracy_ks,CHALLENGE_BULLETACCURACY_KS,CHALLENGE_DESC_BULLETACCURACY_KS,CHALLENGE_LEVEL,10,killstreaks_specialist,,,,5,500,15,1000,30,2500,75,5000,150,10000,250,10000,350,10000,500,10000,,
ch_quieter_ks,CHALLENGE_QUIETER_KS,CHALLENGE_DESC_QUIETER_KS,CHALLENGE_LEVEL,10,killstreaks_specialist,,,,5,500,15,1000,30,2500,75,5000,150,10000,250,10000,350,10000,500,10000,,
ch_stalker_ks,CHALLENGE_STALKER_KS,CHALLENGE_DESC_STALKER_KS,CHALLENGE_LEVEL,10,killstreaks_specialist,,,,5,500,15,1000,30,2500,75,5000,150,10000,250,10000,350,10000,500,10000,,
ch_all_perks_bonus,CHALLENGE_ALL_PERKS_BONUS,CHALLENGE_DESC_ALL_PERKS_BONUS,CHALLENGE_LEVEL,10,killstreaks_specialist,,,,3,250,8,1000,15,2000,25,5000,40,10000,60,10000,100,10000,250,10000,,
ch_specialist_streaks,CHALLENGE_SPECIALIST_STREAKS,CHALLENGE_DESC_SPECIALIST_STREAKS,CHALLENGE_LEVEL,10,killstreaks_specialist,,,,15,500,30,1000,60,2500,120,5000,300,10000,750,10000,1000,10000,1500,10000,,
ch_grenadekill,CHALLENGE_FRAG_GRENADE,CHALLENGE_KILL_N_ENEMIES_WITH_A_GRENADE,CHALLENGE_LEVEL,10,equipment,,,,10,500,25,2500,50,5000,,,,,,,,,,,,
ch_bullseye,CHALLENGE_BULLSEYE,CHALLENGE_DESC_BULLSEYE,CHALLENGE_LEVEL,10,equipment,,,,5,500,15,2500,30,5000,,,,,,,,,,,,
ch_carnie,CHALLENGE_CARNIE,CHALLENGE_DESC_CARNIE,CHALLENGE_LEVEL,10,equipment,,,,5,500,15,2500,30,5000,,,,,,,,,,,,
ch_claymoreshot,CHALLENGE_CLAYMORE,CHALLENGE_KILL_5_ENEMIES_BY_USING,CHALLENGE_LEVEL,10,equipment,,,,5,500,15,2500,30,5000,,,,,,,,,,,,
ch_c4shot,CHALLENGE_C4,CHALLENGE_DESC_C4SHOT,CHALLENGE_LEVEL,10,equipment,,,,5,500,15,2500,30,5000,,,,,,,,,,,,
ch_bouncingbetty,CHALLENGE_BOUNCING_BETTY,CHALLENGE_KILL_N_ENEMIES_USING_BOUNCING_BETTY,CHALLENGE_LEVEL,10,equipment,,,,5,500,15,2500,30,5000,,,,,,,,,,,,
ch_its_personal,CHALLENGE_ITS_PERSONAL,CHALLENGE_DESC_ITS_PERSONAL,CHALLENGE_BLANK,10,equipment,,,,1,1000,,,,,,,,,,,,,,,,
ch_didyouseethat,CHALLENGE_DIDYOUSEETHAT,CHALLENGE_DESC_DIDYOUSEETHAT,CHALLENGE_BLANK,10,equipment,,,,1,1000,,,,,,,,,,,,,,,,
ch_noboomforyou,CHALLENGE_NOBOOMFORYOU,CHALLENGE_DESC_NOBOOMFORYOU,CHALLENGE_LEVEL,10,special_equipment,,,,10,500,25,2500,50,5000,,,,,,,,,,,,
ch_indecentexposure,CHALLENGE_INDECENTEXPOSURE,CHALLENGE_DESC_INDECENTEXPOSURE,CHALLENGE_LEVEL,10,special_equipment,,,,10,500,25,2500,50,5000,,,,,,,,,,,,
ch_smokeemifyougotem,CHALLENGE_SMOKEEMIFYOUGOTEM,CHALLENGE_DESC_SMOKEEMIFYOUGOTEM,CHALLENGE_LEVEL,10,special_equipment,,,,10,500,25,2500,50,5000,,,,,,,,,,,,
ch_alittleconcussed,CHALLENGE_ALITTLECONCUSSED,CHALLENGE_DESC_ALITTLECONCUSSED,CHALLENGE_LEVEL,10,special_equipment,,,,10,500,25,2500,50,5000,,,,,,,,,,,,
ch_onthepulse,CHALLENGE_ONTHEPULSE,CHALLENGE_DESC_ONTHEPULSE,CHALLENGE_LEVEL,10,special_equipment,,,,10,500,25,2500,50,5000,,,,,,,,,,,,
ch_jackinthebox,CHALLENGE_JACKINTHEBOX,CHALLENGE_DESC_JACKINTHEBOX,CHALLENGE_LEVEL,10,special_equipment,,,,10,500,25,2500,50,5000,,,,,,,,,,,,
ch_scram,CHALLENGE_SCRAM,CHALLENGE_DESC_SCRAM,CHALLENGE_LEVEL,10,special_equipment,,,,10,500,25,2500,50,5000,,,,,,,,,,,,
ch_zerolatency,CHALLENGE_ZEROLATENCY,CHALLENGE_DESC_ZEROLATENCY,CHALLENGE_LEVEL,10,special_equipment,,,,10,500,25,2500,50,5000,,,,,,,,,,,,
ch_darkbringer,CHALLENGE_DARKBRINGER,CHALLENGE_DESC_DARKBRINGER,CHALLENGE_BLANK,10,special_equipment,,,,25,1000,,,,,,,,,,,,,,,,
ch_tacticaldeletion,CHALLENGE_TACTICALDELETION,CHALLENGE_DESC_TACTICALDELETION,CHALLENGE_BLANK,10,special_equipment,,,,25,1000,,,,,,,,,,,,,,,,
ch_heads_up,CHALLENGE_HEADS_UP,CHALLENGE_DESC_HEADS_UP,CHALLENGE_BLANK,10,prestige,,,,1,2500,,,,,,,,,,,,,,,,
ch_looknohands,CHALLENGE_LOOKNOHANDS,CHALLENGE_DESC_LOOKNOHANDS,CHALLENGE_LEVEL,10,prestige,,,,50,2500,250,5000,500,10000,1000,10000,,,,,,,,,,
ch_predator,CHALLENGE_PREDATOR,CHALLENGE_DESC_PREDATOR,CHALLENGE_LEVEL,10,prestige,,,,50,2500,250,5000,500,10000,1000,10000,,,,,,,,,,
ch_carpetbomber,CHALLENGE_CARPETBOMBER,CHALLENGE_DESC_CARPETBOMBER,CHALLENGE_LEVEL,10,prestige,,,,50,2500,250,5000,500,10000,1000,10000,,,,,,,,,,
ch_choppervet,CHALLENGE_CHOPPER_VETERAN,CHALLENGE_DESC_CHOPPER_VETERAN,CHALLENGE_LEVEL,10,prestige,,,,50,2500,250,5000,500,10000,1000,10000,,,,,,,,,,
ch_jollygreengiant,CHALLENGE_JOLLYGREENGIANT,CHALLENGE_DESC_JOLLYGREENGIANT,CHALLENGE_LEVEL,10,prestige,,,,50,2500,250,5000,500,10000,1000,10000,,,,,,,,,,
ch_thespirit,CHALLENGE_THESPIRIT,CHALLENGE_DESC_THESPIRIT,CHALLENGE_LEVEL,10,prestige,,,,50,2500,250,5000,500,10000,1000,10000,,,,,,,,,,
ch_spectre,CHALLENGE_SPECTRE,CHALLENGE_DESC_SPECTRE,CHALLENGE_LEVEL,10,prestige,,,,50,2500,250,5000,500,10000,1000,10000,,,,,,,,,,
ch_droppincrates,CHALLENGE_DROPPINCRATES,CHALLENGE_DESC_DROPPINCRATES,CHALLENGE_BLANK,100,final_killcam,,,,1,2500,,,,,,,,,,,,,,,,
ch_absentee,CHALLENGE_ABSENTEE,CHALLENGE_DESC_ABSENTEE,CHALLENGE_BLANK,100,final_killcam,,,,1,2500,,,,,,,,,,,,,,,,
ch_dronekiller,CHALLENGE_DRONEKILLER,CHALLENGE_DESC_DRONEKILLER,CHALLENGE_BLANK,100,final_killcam,,,,1,2500,,,,,,,,,,,,,,,,
ch_finishingtouch,CHALLENGE_FINISHINGTOUCH,CHALLENGE_DESC_FINISHINGTOUCH,CHALLENGE_BLANK,100,final_killcam,,,,1,2500,,,,,,,,,,,,,,,,
ch_og,CHALLENGE_OG,CHALLENGE_DESC_OG,CHALLENGE_BLANK,100,final_killcam,,,,1,2500,,,,,,,,,,,,,,,,
ch_transformer,CHALLENGE_TRANSFORMER,CHALLENGE_DESC_TRANSFORMER,CHALLENGE_BLANK,100,final_killcam,,,,1,2500,,,,,,,,,,,,,,,,
ch_technokiller,CHALLENGE_TECHNOKILLER,CHALLENGE_DESC_TECHNOKILLER,CHALLENGE_BLANK,100,final_killcam,,,,1,2500,,,,,,,,,,,,,,,,
ch_deathfromabove,CHALLENGE_DEATHFROMABOVE,CHALLENGE_DESC_DEATHFROMABOVE,CHALLENGE_BLANK,100,final_killcam,,,,1,2500,,,,,,,,,,,,,,,,
ch_theedge,CHALLENGE_THE_EDGE,CHALLENGE_GET_THE_MATCH_WINNING_KILL_N_TIMES,CHALLENGE_LEVEL,100,final_killcam,,,,5,2500,10,5000,20,10000,,,,,,,,,,,,
ch_unbelievable,CHALLENGE_UNBELIEVABLE,CHALLENGE_DESC_UNBELIEVABLE,CHALLENGE_BLANK,100,final_killcam,,,,1,2500,,,,,,,,,,,,,,,,
ch_owned,CHALLENGE_OWNED,CHALLENGE_DESC_OWNED,CHALLENGE_BLANK,100,final_killcam,,,,1,2500,,,,,,,,,,,,,,,,
ch_stickman,CHALLENGE_STICKMAN,CHALLENGE_DESC_STICKMAN,CHALLENGE_BLANK,100,final_killcam,,,,1,2500,,,,,,,,,,,,,,,,
ch_lastresort,CHALLENGE_LAST_RESORT,CHALLENGE_DESC_LAST_RESORT,CHALLENGE_BLANK,100,final_killcam,,,,1,2500,,,,,,,,,,,,,,,,
ch_ghillie,CHALLENGE_GHILLIE,CHALLENGE_DESC_GHILLIE,CHALLENGE_LEVEL,10,basic,5,,,50,1000,100,2500,200,5000,,,,,,,,,,,,
ch_hotpotato,CHALLENGE_HOT_POTATO,CHALLENGE_DESC_HOT_POTATO,CHALLENGE_LEVEL,100,humiliation,,,,5,3000,10,5000,,,,,,,,,,,,,,
ch_carbomb,CHALLENGE_CAR_BOMB,CHALLENGE_DESC_CAR_BOMB,CHALLENGE_LEVEL,100,humiliation,,,,5,3000,10,5000,,,,,,,,,,,,,,
ch_backstabber,CHALLENGE_BACKSTABBER,CHALLENGE_DESC_BACKSTABBER,CHALLENGE_BLANK,100,humiliation,,,,1,3000,,,,,,,,,,,,,,,,
ch_slowbutsure,CHALLENGE_SLOW_BUT_SURE,CHALLENGE_DESC_SLOW_BUT_SURE,CHALLENGE_BLANK,100,humiliation,,,,1,3000,,,,,,,,,,,,,,,,
ch_miserylovescompany,CHALLENGE_MISERY_LOVES_COMPANY,CHALLENGE_DESC_MISERY_LOVES_COMPANY,CHALLENGE_BLANK,100,humiliation,,,,1,3000,,,,,,,,,,,,,,,,
ch_ouch,CHALLENGE_OUCH,CHALLENGE_DESC_OUCH,CHALLENGE_BLANK,100,humiliation,,,,1,3000,,,,,,,,,,,,,,,,
ch_rival,CHALLENGE_RIVAL,CHALLENGE_DESC_RIVAL,CHALLENGE_BLANK,100,humiliation,,,,1,3000,,,,,,,,,,,,,,,,
ch_cruelty,CHALLENGE_CRUELTY,CHALLENGE_DESC_CRUELTY,CHALLENGE_BLANK,100,humiliation,,,,1,3000,,,,,,,,,,,,,,,,
ch_thinkfast,CHALLENGE_THINK_FAST,CHALLENGE_DESC_THINK_FAST,CHALLENGE_BLANK,100,humiliation,,,,1,3000,,,,,,,,,,,,,,,,
ch_thinkfastconcussion,CHALLENGE_THINK_FAST_STUN,CHALLENGE_DESC_THINK_FAST_STUN,CHALLENGE_BLANK,100,humiliation,,,,1,3000,,,,,,,,,,,,,,,,
ch_thinkfastflash,CHALLENGE_THINK_FAST_FLASH,CHALLENGE_DESC_THINK_FAST_FLASH,CHALLENGE_BLANK,100,humiliation,,,,1,3000,,,,,,,,,,,,,,,,
ch_returntosender,CHALLENGE_RETURN_TO_SENDER,CHALLENGE_KILL_AN_ENEMY_BY_SHOOTING,CHALLENGE_BLANK,100,humiliation,,,,1,3000,,,,,,,,,,,,,,,,
ch_blindfire,CHALLENGE_BLINDFIRE,CHALLENGE_KILL_AN_ENEMY_WHILE_YOU,CHALLENGE_BLANK,100,humiliation,,,,1,3000,,,,,,,,,,,,,,,,
ch_hardlanding,CHALLENGE_HARD_LANDING,CHALLENGE_KILL_AN_ENEMY_THAT_IS,CHALLENGE_BLANK,100,humiliation,,,,1,3000,,,,,,,,,,,,,,,,
ch_extremecruelty,CHALLENGE_EXTREME_CRUELTY,CHALLENGE_KILL_EVERY_MEMBER_OF1,CHALLENGE_BLANK,100,humiliation,,,,1,3000,,,,,,,,,,,,,,,,
ch_tangodown,CHALLENGE_TANGO_DOWN,CHALLENGE_KILL_EVERY_MEMBER_OF,CHALLENGE_BLANK,100,humiliation,,,,1,3000,,,,,,,,,,,,,,,,
ch_countermvp,CHALLENGE_COUNTERMVP,CHALLENGE_KILL_THE_1_PLAYER_ON,CHALLENGE_BLANK,100,humiliation,,,,1,3000,,,,,,,,,,,,,,,,
ch_goodbye,CHALLENGE_GOODBYE,CHALLENGE_FALL_30_FEET_OR_MORE,CHALLENGE_BLANK,100,basic,,,,1,500,,,,,,,,,,,,,,,,
ch_basejump,CHALLENGE_BASE_JUMP,CHALLENGE_FALL_15_FEET_OR_MORE,CHALLENGE_BLANK,100,basic,,,,1,750,,,,,,,,,,,,,,,,
ch_flyswatter,CHALLENGE_FLYSWATTER,CHALLENGE_SHOOT_DOWN_AN_ENEMY_HELICOPTER,CHALLENGE_BLANK,100,basic,,,,1,1000,,,,,,,,,,,,,,,,
ch_vandalism,CHALLENGE_VANDALISM,CHALLENGE_KILL_1_ENEMY_BY_DESTROYING,CHALLENGE_BLANK,100,basic,,,,1,750,,,,,,,,,,,,,,,,
ch_crouchshot,CHALLENGE_CROUCH_SHOT,CHALLENGE_KILL_N_ENEMIES_WHILE_CROUCHING,CHALLENGE_LEVEL,100,basic,,,,5,500,15,1000,30,2500,,,,,,,,,,,,
ch_proneshot,CHALLENGE_PRONE_SHOT,CHALLENGE_KILL_N_ENEMIES_WHILE_PRONE,CHALLENGE_LEVEL,100,basic,,,,5,500,15,1000,30,2500,,,,,,,,,,,,
ch_assists,CHALLENGE_POINT_GUARD,CHALLENGE_GET_N_ASSISTS,CHALLENGE_LEVEL,100,basic,,,,5,500,15,1000,30,2500,,,,,,,,,,,,
ch_backdraft,CHALLENGE_BACKDRAFT,CHALLENGE_DESTROY_N_ENEMY_EXPLOSIVES,CHALLENGE_LEVEL,100,basic,,,,2,500,5,1000,15,2500,,,,,,,,,,,,
ch_shieldvet,CHALLENGE_SHIELD_VETERAN,CHALLENGE_KILL_N_ENEMY_WITH_SHIELD,CHALLENGE_LEVEL,1,riotshield,,,,2,500,5,1000,15,2500,,,,,,,,,,,,
ch_smasher,CHALLENGE_SMASHER,CHALLENGE_GET_A_3_SHIELD_KILL_STREAK,CHALLENGE_BLANK,1,riotshield,,,,1,500,,,,,,,,,,,,,,,,
ch_backsmasher,CHALLENGE_BACKSMASHER,CHALLENGE_CRUSH_AN_ENEMY,CHALLENGE_BLANK,1,riotshield,,,,1,500,,,,,,,,,,,,,,,,
ch_shield_damage,CHALLENGE_SHIELD_DAMAGE,CHALLENGE_DESC_SHIELD_DAMAGE,CHALLENGE_LEVEL,1,riotshield,,,,1000,500,10000,1000,50000,2500,,,,,,,,,,,,
ch_shield_bullet,CHALLENGE_SHIELD_BULLET,CHALLENGE_DESC_SHIELD_BULLET,CHALLENGE_LEVEL,1,riotshield,,,,1000,500,10000,1000,50000,2500,,,,,,,,,,,,
ch_shield_explosive,CHALLENGE_SHIELD_EXPLOSIVE,CHALLENGE_DESC_SHIELD_EXPLOSIVE,CHALLENGE_LEVEL,1,riotshield,,,,10,500,50,1000,100,2500,,,,,,,,,,,,
ch_surgical_assault,CHALLENGE_SURGICAL_ASSAULT,CHALLENGE_DESC_SURGICAL_ASSAULT,CHALLENGE_BLANK,100,precision,,,,1,2000,,,,,,,,,,,,,,,,
ch_surgical_smg,CHALLENGE_SURGICAL_SMG,CHALLENGE_DESC_SURGICAL_SMG,CHALLENGE_BLANK,100,precision,,,,1,2000,,,,,,,,,,,,,,,,
ch_surgical_lmg,CHALLENGE_SURGICAL_LMG,CHALLENGE_DESC_SURGICAL_LMG,CHALLENGE_BLANK,100,precision,,,,1,2000,,,,,,,,,,,,,,,,
ch_surgical_sniper,CHALLENGE_SURGICAL_SNIPER,CHALLENGE_DESC_SURGICAL_SNIPER,CHALLENGE_BLANK,100,precision,,,,1,2000,,,,,,,,,,,,,,,,
ch_expert_assault,CHALLENGE_ASSAULT_EXPERT,CHALLENGE_KILL_N_ENEMIES_WITH_A1,CHALLENGE_LEVEL,100,precision,,,,5,2000,25,5000,50,10000,,,,,,,,,,,,
ch_expert_smg,CHALLENGE_SMG_EXPERT,CHALLENGE_KILL_N_ENEMIES_WITH_HEADSHOTS,CHALLENGE_LEVEL,100,precision,,,,5,2000,25,5000,50,10000,,,,,,,,,,,,
ch_expert_lmg,CHALLENGE_LMG_EXPERT,CHALLENGE_KILL_N_ENEMIES_WITH_HEADSHOTS1,CHALLENGE_LEVEL,100,precision,,,,5,2000,25,5000,50,10000,,,,,,,,,,,,
ch_multirpg,CHALLENGE_MULTIRPG,CHALLENGE_KILL_2_OR_MORE_ENEMIES,CHALLENGE_LEVEL,100,precision,,,,5,2000,25,5000,50,10000,,,,,,,,,,,,
ch_multiclaymore,CHALLENGE_CLAY_MORE,CHALLENGE_KILL_2_OR_MORE_ENEMIES1,CHALLENGE_LEVEL,100,precision,,,,5,2000,25,5000,50,10000,,,,,,,,,,,,
ch_multifrag,CHALLENGE_MULTIFRAG,CHALLENGE_KILL_2_OR_MORE_ENEMIES2,CHALLENGE_LEVEL,100,precision,,,,5,2000,25,5000,50,10000,,,,,,,,,,,,
ch_multic4,CHALLENGE_MULTIC4,CHALLENGE_KILL_2_OR_MORE_ENEMIES3,CHALLENGE_LEVEL,100,precision,,,,5,2000,25,5000,50,10000,,,,,,,,,,,,
ch_collateraldamage,CHALLENGE_COLLATERAL_DAMAGE,CHALLENGE_KILL_2_OR_MORE_ENEMIES4,CHALLENGE_BLANK,100,precision,,,,1,2000,,,,,,,,,,,,,,,,
ch_flawless,CHALLENGE_FLAWLESS,CHALLENGE_PLAY_AN_ENTIRE_FULLLENGTH,CHALLENGE_BLANK,100,precision,,,,1,2000,,,,,,,,,,,,,,,,
ch_fearless,CHALLENGE_FEARLESS,CHALLENGE_KILL_10_ENEMIES_IN_A,CHALLENGE_BLANK,100,precision,,,,1,2000,,,,,,,,,,,,,,,,
ch_grouphug,CHALLENGE_GROUPHUG,CHALLENGE_DESC_GROUPHUG,CHALLENGE_BLANK,100,precision,,,,1,2000,,,,,,,,,,,,,,,,
ch_nbk,CHALLENGE_NBK,CHALLENGE_DESC_NBK,CHALLENGE_BLANK,100,precision,,,,1,2000,,,,,,,,,,,,,,,,
ch_allpro,CHALLENGE_ALLPRO,CHALLENGE_DESC_ALLPRO,CHALLENGE_BLANK,100,precision,,,,1,2000,,,,,,,,,,,,,,,,
ch_airborne,CHALLENGE_AIRBORNE,CHALLENGE_GET_A_2_KILL_STREAK_WHILE,CHALLENGE_BLANK,100,precision,,,,1,2000,,,,,,,,,,,,,,,,
ch_moneyshot,CHALLENGE_MONEYSHOT,CHALLENGE_DESC_MONEYSHOT,CHALLENGE_BLANK,100,revenge,,,,1,3500,,,,,,,,,,,,,,,,
ch_robinhood,CHALLENGE_ROBINHOOD,CHALLENGE_DESC_ROBINHOOD,CHALLENGE_LEVEL,100,revenge,,,,5,3500,25,10000,,,,,,,,,,,,,,
ch_bangforbuck,CHALLENGE_BANGFORBUCK,CHALLENGE_DESC_BANGFORBUCK,CHALLENGE_LEVEL,100,revenge,,,,5,3500,25,10000,,,,,,,,,,,,,,
ch_overdraft,CHALLENGE_OVERDRAFT,CHALLENGE_DESC_OVERDRAFT,CHALLENGE_BLANK,100,revenge,,,,1,3500,,,,,,,,,,,,,,,,
ch_atm,CHALLENGE_ATM,CHALLENGE_DESC_ATM,CHALLENGE_BLANK,100,revenge,,,,1,3500,,,,,,,,,,,,,,,,
ch_timeismoney,CHALLENGE_TIMEISMONEY,CHALLENGE_DESC_TIMEISMONEY,CHALLENGE_LEVEL,100,revenge,,,,5,3500,25,10000,,,,,,,,,,,,,,
ch_iamrich,CHALLENGE_IAMRICH,CHALLENGE_DESC_IAMRICH,CHALLENGE_LEVEL,100,revenge,,,,5,3500,25,10000,,,,,,,,,,,,,,
ch_breakbank,CHALLENGE_BREAKBANK,CHALLENGE_DESC_BREAKBANK,CHALLENGE_BLANK,100,revenge,,,,1,3500,,,,,,,,,,,,,,,,
ch_colorofmoney,CHALLENGE_COLOROFMONEY,CHALLENGE_DESC_COLOROFMONEY,CHALLENGE_LEVEL,100,revenge,,,,5,3500,25,10000,,,,,,,,,,,,,,
ch_neverforget,CHALLENGE_NEVERFORGET,CHALLENGE_DESC_NEVERFORGET,CHALLENGE_BLANK,100,revenge,,,,1,3500,,,,,,,,,,,,,,,,
ch_thebrink,CHALLENGE_THE_BRINK,CHALLENGE_GET_A_3_OR_MORE_KILL,CHALLENGE_BLANK,100,elite,,,,1,4500,,,,,,,,,,,,,,,,
ch_fastswap,CHALLENGE_FAST_SWAP,CHALLENGE_HURT_AN_ENEMY_WITH_A,CHALLENGE_BLANK,100,elite,,,,1,4500,,,,,,,,,,,,,,,,
ch_starplayer,CHALLENGE_STAR_PLAYER,CHALLENGE_PLAY_AN_ENTIRE_MATCH,CHALLENGE_BLANK,100,elite,,,,1,4500,,,,,,,,,,,,,,,,
ch_howthe,CHALLENGE_HOW_THE_,CHALLENGE_KILL_AN_ENEMY_BY_USING,CHALLENGE_BLANK,100,elite,,,,1,4500,,,,,,,,,,,,,,,,
ch_dominos,CHALLENGE_DOMINOS,CHALLENGE_KILL_AN_ENEMY_BY_SETTING,CHALLENGE_BLANK,100,elite,,,,1,4500,,,,,,,,,,,,,,,,
ch_masterchef,CHALLENGE_MASTER_CHEF,CHALLENGE_KILL_N_ENEMIES_WITH_COOKED,CHALLENGE_LEVEL,100,elite,,,,5,2500,10,5000,20,10000,,,,,,,,,,,,
ch_invincible,CHALLENGE_INVINCIBLE,CHALLENGE_GET_5_HEALTH_REGENERATIONS,CHALLENGE_BLANK,100,elite,,,,1,4500,,,,,,,,,,,,,,,,
ch_survivalist,CHALLENGE_SURVIVALIST,CHALLENGE_SURVIVE_FOR_5_CONSECUTIVE,CHALLENGE_BLANK,100,elite,,,,1,4500,,,,,,,,,,,,,,,,
ch_counterclaymore,CHALLENGE_COUNTERCLAYMORE,CHALLENGE_KILL_N_ENEMIES_BY_SHOOTING,CHALLENGE_LEVEL,100,elite,,,,3,2500,10,5000,20,10000,,,,,,,,,,,,
ch_counterc4,CHALLENGE_COUNTERC4,CHALLENGE_KILL_N_ENEMIES_BY_SHOOTING1,CHALLENGE_LEVEL,100,elite,,,,3,2500,10,5000,20,10000,,,,,,,,,,,,
ch_enemyofthestate,CHALLENGE_ENEMYOFTHESTATE,CHALLENGE_DESC_ENEMYOFTHESTATE,CHALLENGE_BLANK,100,elite,,,,1,4500,,,,,,,,,,,,,,,,
ch_resourceful,CHALLENGE_RESOURCEFUL,CHALLENGE_DESC_RESOURCEFUL,CHALLENGE_BLANK,100,elite,,,,1,4500,,,,,,,,,,,,,,,,
ch_survivor,CHALLENGE_SURVIVOR,CHALLENGE_DESC_SURVIVOR,CHALLENGE_BLANK,100,elite,,,,1,4500,,,,,,,,,,,,,,,,
ch_omnicide,CHALLENGE_OMNICIDE,CHALLENGE_DESC_OMNICIDE,CHALLENGE_BLANK,100,intimidation,,,,1,5000,,,,,,,,,,,,,,,,
ch_wargasm,CHALLENGE_WARGASM,CHALLENGE_DESC_WARGASM,CHALLENGE_BLANK,100,intimidation,,,,1,3500,,,,,,,,,,,,,,,,
ch_thebiggertheyare,CHALLENGE_THEBIGGERTHEYARE,CHALLENGE_DESC_THEBIGGERTHEYARE,CHALLENGE_BLANK,100,intimidation,,,,1,2500,,,,,,,,,,,,,,,,
ch_thehardertheyfall,CHALLENGE_THEHARDERTHEYFALL,CHALLENGE_DESC_THEHARDERTHEYFALL,CHALLENGE_BLANK,100,intimidation,,,,1,5000,,,,,,,,,,,,,,,,
ch_crabmeat,CHALLENGE_CRABMEAT,CHALLENGE_DESC_CRABMEAT,CHALLENGE_BLANK,100,intimidation,,,,1,7500,,,,,,,,,,,,,,,,
ch_thedenier,CHALLENGE_THEDENIER,CHALLENGE_DESC_THEDENIER,CHALLENGE_BLANK,100,intimidation,,,,1,5000,,,,,,,,,,,,,,,,
ch_carpetbomb,CHALLENGE_CARPET_BOMB,CHALLENGE_KILL_5_ENEMIES_WITH_A3,CHALLENGE_BLANK,100,intimidation,,,,1,5000,,,,,,,,,,,,,,,,
ch_redcarpet,CHALLENGE_RED_CARPET,CHALLENGE_DESC_RED_CARPET,CHALLENGE_BLANK,100,intimidation,,,,1,5000,,,,,,,,,,,,,,,,
ch_reaper,CHALLENGE_REAPER,CHALLENGE_DESC_REAPER,CHALLENGE_BLANK,100,intimidation,,,,1,5000,,,,,,,,,,,,,,,,
ch_nosecrets,CHALLENGE_NO_SECRETS,CHALLENGE_CALL_IN_A_UAV_3_TIMES,CHALLENGE_BLANK,100,intimidation,,,,1,2500,,,,,,,,,,,,,,,,
ch_sunblock,CHALLENGE_SUNBLOCK,CHALLENGE_DESC_SUNBLOCK,CHALLENGE_BLANK,100,intimidation,,,,1,2500,,,,,,,,,,,,,,,,
ch_afterburner,CHALLENGE_AFTERBURNER,CHALLENGE_CALL_IN_AN_AIRSTRIKE,CHALLENGE_BLANK,100,intimidation,,,,1,2500,,,,,,,,,,,,,,,,
ch_airsuperiority,CHALLENGE_AIR_SUPERIORITY,CHALLENGE_CALL_IN_A_HELICOPTER,CHALLENGE_BLANK,100,intimidation,,,,1,2500,,,,,,,,,,,,,,,,
ch_mgmaster,CHALLENGE_MG_MASTER,CHALLENGE_GET_A_5_KILL_STREAK_WHILE,CHALLENGE_BLANK,100,intimidation,,,,1,2500,,,,,,,,,,,,,,,,
ch_slasher,CHALLENGE_SLASHER,CHALLENGE_GET_A_3_MELEE_KILL_STREAK,CHALLENGE_BLANK,100,intimidation,,,,1,3500,,,,,,,,,,,,,,,,
ch_radiationsickness,CHALLENGE_RADIATIONSICKNESS,CHALLENGE_DESC_RADIATIONSICKNESS,CHALLENGE_BLANK,1000,,,,,1,1500,,,,,,,,,,,,,,,,
ch_infected,CHALLENGE_INFECTED,CHALLENGE_DESC_INFECTED,CHALLENGE_BLANK,1000,,,,,1,1000,,,,,,,,,,,,,,,,
ch_plague,CHALLENGE_PLAGUE,CHALLENGE_DESC_PLAGUE,CHALLENGE_BLANK,1000,,,,,1,1000,,,,,,,,,,,,,,,,
ch_renaissance,CHALLENGE_RENAISSANCE,CHALLENGE_DESC_RENAISSANCE,CHALLENGE_BLANK,1000,,,,,1,1000,,,,,,,,,,,,,,,,
ch_theloner,CHALLENGE_THELONER,CHALLENGE_DESC_THELONER,CHALLENGE_BLANK,1000,,,,,1,2500,,,,,,,,,,,,,,,,
ch_6fears7,CHALLENGE_6FEARS7,CHALLENGE_DESC_6FEARS7,CHALLENGE_BLANK,1000,,,,,1,1500,,,,,,,,,,,,,,,,
ch_martyr,CHALLENGE_MARTYR,CHALLENGE_DESC_MARTYR,CHALLENGE_BLANK,1000,,,,,1,1000,,,,,,,,,,,,,,,,
ch_livingdead,CHALLENGE_LIVINGDEAD,CHALLENGE_DESC_LIVINGDEAD,CHALLENGE_BLANK,1000,,,,,1,1000,,,,,,,,,,,,,,,,
ch_sidekick,CHALLENGE_SIDEKICK,CHALLENGE_DESC_SIDEKICK,CHALLENGE_BLANK,1000,,,,,1,1000,,,,,,,,,,,,,,,,
ch_clickclickboom,CHALLENGE_CLICKCLICKBOOM,CHALLENGE_DESC_CLICKCLICKBOOM,CHALLENGE_BLANK,1000,,,,,1,1000,,,,,,,,,,,,,,,,
ch_hijacker,CHALLENGE_HIJACKER,CHALLENGE_DESC_HIJACKER,CHALLENGE_LEVEL,1000,,,,,10,2500,50,5000,200,10000,,,,,,,,,,,,
ch_no,CHALLENGE_NO,CHALLENGE_DESC_NO,CHALLENGE_BLANK,1000,,,,,1,1000,,,,,,,,,,,,,,,,
ch_avenger,CHALLENGE_AVENGER,CHALLENGE_DESC_AVENGER,CHALLENGE_BLANK,1000,,,,,1,1000,,,,,,,,,,,,,,,,
ch_nuke,CHALLENGE_NUKE,CHALLENGE_DESC_NUKE,CHALLENGE_LEVEL,1000,,,,,2,2500,5,5000,15,10000,25,10000,40,10000,60,10000,100,10000,250,10000,,
ch_victor_dm,CHALLENGE_FREEFORALL_VICTOR,CHALLENGE_PLACE_IN_THE_TOP_3_IN,CHALLENGE_LEVEL,100,operations,,,,3,500,5,1000,10,2500,,,,,,,,,,,,
ch_teamplayer,CHALLENGE_TEAM_PLAYER,CHALLENGE_WIN_N_TEAM_DEATHMATCH,CHALLENGE_LEVEL,100,operations,,,,5,500,15,1000,30,2500,,,,,,,,,,,,
ch_victor_sd,CHALLENGE_SD_VICTOR,CHALLENGE_WIN_N_SEARCH_AND_DESTROY,CHALLENGE_LEVEL,100,operations,,,,5,500,15,1000,30,2500,,,,,,,,,,,,
ch_mvp_tdm,CHALLENGE_MVP_TEAM_DEATHMATCH,CHALLENGE_PLAY_TEAM_DEATHMATCH,CHALLENGE_BLANK,100,operations,,,,1,1000,,,,,,,,,,,,,,,,
ch_teamplayer_hc,CHALLENGE_HARDCORE_TEAM_PLAYER,CHALLENGE_WIN_N_HARDCORE_TEAM_DEATHMATCH,CHALLENGE_LEVEL,100,operations,,,,1,500,5,1000,15,2500,,,,,,,,,,,,
ch_victor_sab,CHALLENGE_SABOTAGE_VICTOR,CHALLENGE_WIN_N_SABOTAGE_MATCHES,CHALLENGE_LEVEL,100,operations,,,,5,500,20,1000,50,2500,,,,,,,,,,,,
ch_mvp_thc,CHALLENGE_MVP_TEAM_HARDCORE,CHALLENGE_WIN_A_TEAM_HARDCORE_MATCH,CHALLENGE_BLANK,100,operations,,,,1,1000,,,,,,,,,,,,,,,,
ch_bombdown,CHALLENGE_BOMB_DOWN,CHALLENGE_KILL_THE_BOMB_CARRIER,CHALLENGE_BLANK,100,operations,,,,1,1000,,,,,,,,,,,,,,,,
ch_bombdefender,CHALLENGE_BOMB_DEFENDER,CHALLENGE_KILL_A_BOMB_DEFUSER_IN,CHALLENGE_LEVEL,100,operations,,,,3,500,10,1000,,,,,,,,,,,,,,
ch_bombplanter,CHALLENGE_BOMB_PLANTER,CHALLENGE_KILL_A_BOMB_PLANTER_IN,CHALLENGE_LEVEL,100,operations,,,,3,500,10,1000,,,,,,,,,,,,,,
ch_hero,CHALLENGE_DEFUSER,CHALLENGE_DEFUSE_A_BOMB_IN_SABOTAGE,CHALLENGE_LEVEL,100,operations,,,,2,500,10,1000,,,,,,,,,,,,,,
ch_lastmanstanding,CHALLENGE_LAST_MAN_STANDING,CHALLENGE_BE_THE_LAST_MAN_STANDING,CHALLENGE_BLANK,100,operations,,,,1,1000,,,,,,,,,,,,,,,,
ch_saboteur,CHALLENGE_SABOTEUR,CHALLENGE_DESC_SABOTEUR,CHALLENGE_LEVEL,100,operations,,,,2,500,10,1000,,,,,,,,,,,,,,
ch_knifevet,CHALLENGE_KNIFE_VETERAN,CHALLENGE_KILL_N_ENEMY_WITH_THE,CHALLENGE_LEVEL,100,prestige,,,,10,2500,50,5000,100,10000,250,5000,,,,,,,,,,
ch_laststandvet,CHALLENGE_LAST_STAND_VETERAN,CHALLENGE_KILL_N_ENEMY_WHILE_USING,CHALLENGE_LEVEL,100,prestige,,,,5,2500,15,5000,50,10000,100,5000,,,,,,,,,,
ch_stealthvet,CHALLENGE_STEALTH_VETERAN,CHALLENGE_KILL_N_ENEMIES_SILENCED,CHALLENGE_LEVEL,100,prestige,,,,10,2500,25,5000,50,10000,1000,5000,,,,,,,,,,
ch_concussionvet,CHALLENGE_STUN_VETERAN,CHALLENGE_KILL_N_ENEMIES_STILL,CHALLENGE_LEVEL,100,prestige,,,,20,2500,75,5000,150,10000,300,5000,,,,,,,,,,
ch_flashbangvet,CHALLENGE_FLASHBANG_VETERAN,CHALLENGE_KILL_N_ENEMIES_DAZED,CHALLENGE_LEVEL,100,prestige,,,,20,2500,75,5000,150,10000,300,5000,,,,,,,,,,
