sniper,feature,0,,,,,
demolitions,feature,0,,,,,
cac,feature,0,,,,,
cas,feature,0,,,,,
playercard,profileFeature,0,,,,,
playercard_title,profileFeature,0,,,,,
playercard_icon,profileFeature,0,,,,,
token_1,feature,6,,,,,
token_2,feature,9,,,,,
token_3,feature,12,,,,,
token_4,feature,16,,,,,
token_5,feature,19,,,,,
token_6,feature,24,,,,,
token_7,feature,28,,,,,
token_8,feature,30,,,,,
token_9,feature,34,,,,,
token_10,feature,36,,,,,
token_11,feature,40,,,,,
token_12,feature,42,,,,,
token_13,feature,48,,,,,
token_14,feature,52,,,,,
token_15,feature,58,,,,,
token_16,feature,62,,,,,
token_17,feature,64,,,,,
token_18,feature,66,,,,,
token_19,feature,72,,,,,
token_20,feature,74,,,,,
token_21,feature,78,,,,,
token_22,feature,9999,,,,,
token_23,feature,9999,,,,,
ghillie_forest,feature,0,,,,,
ghillie_arctic,feature,4,ch_ghillie,,,,
ghillie_urban,feature,4,ch_ghillie_2,,,,
ghillie_desert,feature,4,ch_ghillie_3,,,,
cardtitle_default,title,0,,,,,
cardtitle_ssdd,title,1,,,,,
cardtitle_20,title,19,,,,,
cardtitle_30,title,27,,,,,
cardtitle_40,title,43,,,,,
cardtitle_50,title,51,,,,,
cardtitle_60,title,75,,,,,
cardtitle_70,title,79,,,,,
cardtitle_20a,title,24,ch_prestige,,,,
cardtitle_30a,title,34,ch_prestige,,,,
cardtitle_40a,title,44,ch_prestige,,,,
cardtitle_50a,title,54,ch_prestige,,,,
cardtitle_60a,title,64,ch_prestige,,,,
cardtitle_70a,title,74,ch_prestige,,,,
cardtitle_prestige1,title,1,ch_prestige,,,,
cardtitle_prestige2,title,1,ch_prestige_2,,,,
cardtitle_prestige3,title,1,ch_prestige_3,,,,
cardtitle_prestige4,title,1,ch_prestige_4,,,,
cardtitle_prestige5,title,1,ch_prestige_5,,,,
cardtitle_prestige6,title,1,ch_prestige_6,,,,
cardtitle_prestige7,title,1,ch_prestige_7,,,,
cardtitle_prestige8,title,1,ch_prestige_8,,,,
cardtitle_prestige9,title,1,ch_prestige_9,,,,
cardtitle_prestige10,title,1,ch_prestige_10,,,,
cardtitle_prpurchase_title1,title,,ch_prPurchase_title1,,,,ch_prPurchase_title1
cardtitle_prpurchase_title2,title,,ch_prPurchase_title2,,,,ch_prPurchase_title2
cardtitle_prpurchase_title3,title,,ch_prPurchase_title3,,,,ch_prPurchase_title3
cardtitle_elite_01,title,9999,,,,,
cardtitle_elite_02,title,9999,,,,,
cardtitle_elite_04,title,9999,,,,,
cardtitle_elite_05,title,9999,,,,,
cardtitle_elite_06,title,9999,,,,,
cardtitle_elite_07,title,9999,,,,,
cardtitle_elite_08,title,9999,,,,,
cardtitle_sidekick,title,1,ch_sidekick,,,,
cardtitle_nbk,title,1,ch_nbk,,,,
cardtitle_flyswatter,title,1,ch_flyswatter,,,,
cardtitle_earlydetection,title,1,ch_bombplanter,,,,
cardtitle_clusterbomb,title,1,ch_carpetbomb,,,,
cardtitle_rival,title,1,ch_rival,,,,
cardtitle_concussive,title,1,ch_thinkfastconcussion,,,,
cardtitle_denier,title,1,ch_thedenier,,,,
cardtitle_hotshot,title,1,ch_hero,,,,
cardtitle_fastswap,title,0,ch_fastswap,,,,
cardtitle_absenteekiller,title,1,ch_absentee,,,,
cardtitle_bombshell,title,1,ch_bombdown,,,,
cardtitle_enemyofthestate,title,1,ch_enemyofthestate,,,,
cardtitle_bombsaway,title,1,ch_redcarpet,,,,
cardtitle_madbomber,title,1,ch_saboteur,,,,
cardtitle_explosiveordinance,title,1,ch_victor_sd_2,,,,
cardtitle_afterburner,title,1,ch_afterburner,,,,
cardtitle_deathfromabove,title,1,ch_deathfromabove,,,,
cardtitle_invincible,title,1,ch_invincible,,,,
cardtitle_hardtarget,title,1,ch_airborne,,,,
cardtitle_wargasm,title,1,ch_wargasm,,,,
cardtitle_avenger,title,1,ch_avenger,,,,
cardtitle_tagyoureit,title,1,ch_hotpotato,,,,
cardtitle_technokiller,title,1,ch_technokiller,,,,
cardtitle_og,title,1,ch_og,,,,
cardtitle_dronekiller,title,1,ch_dronekiller,,,,
cardtitle_unbelievable,title,1,ch_unbelievable,,,,
cardtitle_blunttrauma,title,1,ch_shieldvet,,,,
cardtitle_owned,title,1,ch_owned,,,,
cardtitle_topgun,title,1,ch_airsuperiority,,,,
cardtitle_livelong,title,1,ch_survivalist,,,,
cardtitle_flatliner,title,1,ch_thebrink,,,,
cardtitle_bob,title,1,ch_teamplayer_2,,,,
cardtitle_stungun,title,1,ch_slowbutsure,,,,
cardtitle_stickman,title,1,ch_stickman,,,,
cardtitle_stuckonyou,title,1,ch_bullseye_2,,,,
cardtitle_itspersonal,title,1,ch_its_personal,,,,
cardtitle_legend,title,1,ch_lastmanstanding,,,,
cardtitle_theripper,title,1,ch_slasher,,,,
cardtitle_transformer,title,1,ch_transformer,,,,
cardtitle_mastatdon,title,1,ch_starplayer,,,,
cardtitle_allyourbase,title,1,ch_extremecruelty,,,,
cardtitle_biggertheyare,title,1,ch_thebiggertheyare,,,,
cardtitle_harderthey,title,1,ch_thehardertheyfall,,,,
cardtitle_moneyshot,title,1,ch_moneyshot,,,,
cardtitle_makeitrain,title,1,ch_overdraft,,,,
cardtitle_timeismoney,title,1,ch_timeismoney,,,,
cardtitle_imrich,title,1,ch_iamrich,,,,
cardtitle_newjack,title,1,ch_atm,,,,
cardtitle_clayback,title,1,ch_breakbank,,,,
cardtitle_madman,title,1,ch_bangforbuck,,,,
cardtitle_bloodmoney,title,1,ch_colorofmoney,,,,
cardtitle_headsup,title,1,ch_heads_up,,,,
cardtitle_droppincrates,title,1,ch_droppincrates,,,,
cardtitle_mach5,title,1,ch_surgical_smg,,,,
cardtitle_drifter,title,1,ch_vandalism,,,,
cardtitle_devastator,title,1,ch_tangodown,,,,
cardtitle_omnicide,title,1,ch_omnicide,,,,
cardtitle_backsmasher,title,1,ch_backsmasher,,,,
cardtitle_streaker,title,1,ch_fearless,,,,
cardtitle_theextreme,title,1,ch_mvp_thc,,,,
cardtitle_allpro,title,1,ch_allpro,,,,
cardtitle_dominofx,title,1,ch_dominos,,,,
cardtitle_publicenemy,title,1,ch_mvp_tdm,,,,
cardtitle_accidentprone,title,1,ch_basejump,,,,
cardtitle_no,title,1,ch_no,,,,
cardtitle_smashhit,title,1,ch_smasher,,,,
cardtitle_surgical,title,1,ch_surgical_assault,,,,
cardtitle_survivor,title,1,ch_survivor,,,,
cardtitle_lightsout,title,1,ch_thinkfastflash,,,,
cardtitle_darkbringer,title,1,ch_darkbringer,,,,
cardtitle_perfectionist,title,1,ch_surgical_sniper,,,,
cardtitle_silentknight,title,1,ch_didyouseethat,,,,
cardtitle_klepto,title,1,ch_renaissance,,,,
cardtitle_heart,title,1,ch_miserylovescompany,,,,
cardtitle_toxicavenger,title,1,ch_radiationsickness,,,,
cardtitle_livingdead,title,1,ch_livingdead,,,,
cardtitle_infected,title,1,ch_infected,,,,
cardtitle_friendswith,title,1,ch_resourceful,,,,
cardtitle_uavrays,title,1,ch_sunblock,,,,
cardtitle_martyr,title,1,ch_martyr,,,,
cardtitle_enemybenefits,title,1,ch_grouphug,,,,
cardtitle_howthe,title,1,ch_howthe,,,,
cardtitle_duckhunter,title,1,ch_hardlanding,,,,
cardtitle_reversaloffortune,title,1,ch_counterclaymore_2,,,,
cardtitle_bowdown,title,1,ch_crouchshot_2,,,,
cardtitle_tacticaldeletion,title,1,ch_tacticaldeletion,,,,
cardtitle_boilermaker,title,1,ch_carbomb,,,,
cardtitle_pushindaisy,title,1,ch_goodbye,,,,
cardtitle_plague,title,1,ch_plague,,,,
cardtitle_thinkfast,title,1,ch_thinkfast,,,,
cardtitle_noobtuber,title,1,ch_ouch,,,,
cardtitle_highlander,title,1,ch_flawless,,,,
cardtitle_backstabber,title,1,ch_backstabber,,,,
cardtitle_takeastab,title,1,ch_carnie_2,,,,
cardtitle_behindenemy,title,1,ch_theloner,,,,
cardtitle_specialist,title,1,ch_all_perks_bonus_2,,,,
cardtitle_rejected,title,1,ch_backdraft_2,,,,
cardtitle_flashbang,title,1,ch_indecentexposure_2,,,,
cardtitle_concussion,title,1,ch_alittleconcussed_2,,,,
cardtitle_empgrenade,title,1,ch_onthepulse_2,,,,
cardtitle_smokegrenade,title,1,ch_smokeemifyougotem_2,,,,
cardtitle_scrambler,title,1,ch_scram_2,,,,
cardtitle_portableradar,title,1,ch_zerolatency_2,,,,
cardtitle_pineappleexpress,title,1,ch_grenadekill_2,,,,
cardtitle_bam,title,0,ch_masterchef_2,,,,
cardtitle_bouncer,title,1,ch_bouncingbetty_2,,,,
cardtitle_noboom,title,1,ch_noboomforyou_2,,,,
cardtitle_anarchist,title,1,ch_multic4_2,,,,
cardtitle_hardcoreonly,title,1,ch_teamplayer_hc_2,,,,
cardtitle_ambush,title,1,ch_multiclaymore_2,,,,
cardtitle_feared,title,1,ch_victor_dm_2,,,,
cardtitle_ghilliemist,title,1,ch_ghillie_2,,,,
cardtitle_lowprofile,title,1,ch_proneshot_2,,,,
cardtitle_boomheadshot,title,1,ch_expert_lmg_2,,,,
cardtitle_c4andafter,title,1,ch_c4shot_2,,,,
cardtitle_intergalactic,title,1,ch_victor_sab_2,,,,
cardtitle_popoff,title,1,ch_expert_smg_2,,,,
cardtitle_pinpuller,title,1,ch_multifrag_2,,,,
cardtitle_crackinskulls,title,1,ch_expert_assault_2,,,,
cardtitle_copperfield,title,1,ch_jackinthebox_2,,,,
cardtitle_jointops,title,1,ch_assists_2,,,,
cardtitle_unbreakable,title,1,ch_shield_explosive_3,,,,
cardtitle_protectserve,title,1,ch_shield_damage_3,,,,
cardtitle_bulletproof,title,1,ch_shield_bullet_3,,,,
cardtitle_sentrymaster,title,1,ch_looknohands_4,,,,
cardtitle_predatormaster,title,1,ch_predator_4,,,,
cardtitle_airstrikemaster,title,1,ch_carpetbomber_4,,,,
cardtitle_helimaster,title,1,ch_choppervet_4,,,,
cardtitle_pavelowmaster,title,1,ch_jollygreengiant_4,,,,
cardtitle_stealthmaster,title,1,ch_thespirit_4,,,,
cardtitle_ac130master,title,1,ch_spectre_4,,,,
cardtitle_blademaster,title,1,ch_knifevet_4,,,,
cardtitle_laststandmaster,title,1,ch_laststandvet_4,,,,
cardtitle_silencermaster,title,1,ch_stealthvet_4,,,,
cardtitle_flashmaster,title,1,ch_flashbangvet_4,,,,
cardtitle_stunmaster,title,1,ch_concussionvet_4,,,,
cardtitle_longersprint,title,1,ch_longersprint_pro_5,,,,
cardtitle_sleightofhand,title,1,ch_sleightofhand_pro_5,,,,
cardtitle_scavenger,title,1,ch_scavenger_pro_5,,,,
cardtitle_blindeye,title,1,ch_blindeye_pro_5,,,,
cardtitle_paint,title,1,ch_paint_pro_5,,,,
cardtitle_hardline,title,1,ch_hardline_pro_5,,,,
cardtitle_assassin,title,1,ch_coldblooded_pro_5,,,,
cardtitle_quickdraw,title,1,ch_quickdraw_pro_5,,,,
cardtitle_overkill,title,1,ch_twoprimaries_pro_5,,,,
cardtitle_blastshield,title,1,ch_blastshield_pro_5,,,,
cardtitle_bombsquad,title,1,ch_detectexplosives_pro_5,,,,
cardtitle_ironlungs,title,1,ch_autospot_pro_5,,,,
cardtitle_steadyaim,title,1,ch_bulletaccuracy_pro_5,,,,
cardtitle_deadsilence,title,1,ch_deadsilence_pro_5,,,,
cardtitle_stalker,title,1,ch_stalker_pro_5,,,,
cardtitle_kick,title,1,ch_kickstop_5,,,,
cardtitle_impact,title,1,ch_xrayvision_5,,,,
cardtitle_attachments,title,1,ch_blingbling_5,,,,
cardtitle_focus,title,1,ch_unshakeable_5,,,,
cardtitle_breath,title,1,ch_holditrightthere_5,,,,
cardtitle_stability,title,1,ch_swayless_5,,,,
cardtitle_range,title,1,ch_longishshot_5,,,,
cardtitle_melee,title,1,ch_coldsteel_5,,,,
cardtitle_speed,title,1,ch_lightweight_5,,,,
cardtitle_damage,title,1,ch_moredamage_5,,,,
cardtitle_voyeur,title,1,ch_uav_5,,,,
cardtitle_companioncrate,title,1,ch_airdrop_assault_5,,,,
cardtitle_ghostrider,title,1,ch_predator_missile_5,,,,
cardtitle_ims2,title,1,ch_ims_5,,,,
cardtitle_fireforget,title,1,ch_airdrop_sentry_minigun_5,,,,
cardtitle_brokenarrow,title,1,ch_precision_airstrike_5,,,,
cardtitle_squawkbox,title,1,ch_helicopter_5,,,,
cardtitle_lbflock2,title,1,ch_littlebird_flock_5,,,,
cardtitle_lbsupport2,title,1,ch_littlebird_support_5,,,,
cardtitle_remotemortar2,title,1,ch_remote_mortar_5,,,,
cardtitle_remotetank2,title,1,ch_airdrop_remote_tank_5,,,,
cardtitle_blackout,title,1,ch_helicopter_flares_5,,,,
cardtitle_angelofdeath,title,1,ch_ac130_5,,,,
cardtitle_jugg2,title,1,ch_airdrop_juggernaut_5,,,,
cardtitle_osprey2,title,1,ch_osprey_gunner_5,,,,
cardtitle_givinstatic2,title,1,ch_uav_support_5,,,,
cardtitle_sigint,title,1,ch_counter_uav_5,,,,
cardtitle_chickmagnet2,title,1,ch_deployable_vest_5,,,,
cardtitle_chickmagnet4,title,1,ch_airdrop_trap_5,,,,
cardtitle_chickmagnet6,title,1,ch_sam_turret_5,,,,
cardtitle_chickmagnet8,title,1,ch_remote_uav_5,,,,
cardtitle_chickmagnet10,title,1,ch_directional_uav_5,,,,
cardtitle_chickmagnet12,title,1,ch_remote_mg_turret_5,,,,
cardtitle_sbd2,title,1,ch_stealth_airstrike_5,,,,
cardtitle_starfishprime,title,1,ch_emp_5,,,,
cardtitle_chickmagnet15,title,1,ch_airdrop_juggernaut_recon_5,,,,
cardtitle_chickmagnet17,title,1,ch_escort_airdrop_5,,,,
cardtitle_longersprint_ks,title,1,ch_longersprint_ks_5,,,,
cardtitle_sleightofhand_ks,title,1,ch_fastreload_ks_5,,,,
cardtitle_scavenger_ks,title,1,ch_scavenger_ks_5,,,,
cardtitle_blindeye_ks,title,1,ch_blindeye_ks_5,,,,
cardtitle_paint_ks,title,1,ch_paint_ks_5,,,,
cardtitle_hardline_ks,title,1,ch_hardline_ks_5,,,,
cardtitle_assassin_ks,title,1,ch_coldblooded_ks_5,,,,
cardtitle_quickdraw_ks,title,1,ch_quickdraw_ks_5,,,,
cardtitle_blastshield_ks,title,1,ch_blastshield_ks_5,,,,
cardtitle_bombsquad_ks,title,1,ch_detectexplosive_ks_5,,,,
cardtitle_ironlungs_ks,title,1,ch_autospot_ks_5,,,,
cardtitle_steadyaim_ks,title,1,ch_bulletaccuracy_ks_5,,,,
cardtitle_deadsilence_ks,title,1,ch_quieter_ks_5,,,,
cardtitle_stalker_ks,title,1,ch_stalker_ks_5,,,,
cardtitle_flag_united_states,title,6,,,,,
cardtitle_flag_uk,title,6,,,,,
cardtitle_flag_canada,title,6,,,,,
cardtitle_flag_australia,title,6,,,,,
cardtitle_flag_spain,title,6,,,,,
cardtitle_flag_austria,title,6,,,,,
cardtitle_flag_japan,title,6,,,,,
cardtitle_flag_brazil,title,6,,,,,
cardtitle_flag_swiss,title,6,,,,,
cardtitle_flag_russia,title,6,,,,,
cardtitle_flag_mexico,title,6,,,,,
cardtitle_flag_france,title,6,,,,,
cardtitle_flag_germany,title,6,,,,,
cardtitle_flag_italy,title,6,,,,,
cardtitle_flag_norway,title,6,,,,,
cardtitle_flag_greece,title,6,,,,,
cardtitle_flag_sweden,title,6,,,,,
cardtitle_flag_ireland,title,6,,,,,
cardtitle_flag_belgium,title,6,,,,,
cardtitle_flag_finland,title,6,,,,,
cardtitle_flag_luxemburg,title,6,,,,,
cardtitle_flag_czech,title,6,,,,,
cardtitle_flag_netherlands,title,6,,,,,
cardtitle_flag_newzealand,title,6,,,,,
cardtitle_flag_philippines,title,6,,,,,
cardtitle_flag_poland,title,6,,,,,
cardtitle_flag_portugal,title,6,,,,,
cardtitle_flag_denmark,title,6,,,,,
cardtitle_flag_saudiarabia,title,6,,,,,
cardtitle_flag_singapore,title,6,,,,,
cardtitle_flag_southafrica,title,6,,,,,
cardtitle_flag_southkorea,title,6,,,,,
cardtitle_flag_hongkong,title,6,,,,,
cardtitle_flag_india,title,6,,,,,
cardtitle_flag_taiwan,title,6,,,,,
cardtitle_flag_united_arab_emirates,title,6,,,,,
cardtitle_flag_elsalvador,title,6,,,,,
cardtitle_flag_china,title,6,,,,,
cardtitle_flag_iran,title,6,,,,,
cardtitle_flag_turkey,title,6,,,,,
cardicon_default,icon,0,,,,,
cardicon_pvt1,icon,1,,,,,
cardicon_pfc1,icon,3,,,,,
cardicon_spc1,icon,6,,,,,
cardicon_cpl1,icon,9,,,,,
cardicon_sgt1,icon,12,,,,,
cardicon_ssgt1,icon,15,,,,,
cardicon_sfc1,icon,19,,,,,
cardicon_msgt1,icon,23,,,,,
cardicon_1stsgt1,icon,27,,,,,
cardicon_sgtmaj1,icon,31,,,,,
cardicon_cmdsgtmaj1,icon,35,,,,,
cardicon_2ndlt1,icon,39,,,,,
cardicon_1stlt1,icon,43,,,,,
cardicon_capt1,icon,47,,,,,
cardicon_maj1,icon,51,,,,,
cardicon_ltcol1,icon,55,,,,,
cardicon_col1,icon,59,,,,,
cardicon_bgen1,icon,63,,,,,
cardicon_majgen1,icon,67,,,,,
cardicon_ltgen1,icon,71,,,,,
cardicon_gen1,icon,75,,,,,
cardicon_comm1,icon,79,,,,,
cardicon_mw3_prestige1,icon,1,ch_prestige,,,,
cardicon_mw3_prestige2,icon,1,ch_prestige_2,,,,
cardicon_mw3_prestige3,icon,1,ch_prestige_3,,,,
cardicon_mw3_prestige4,icon,1,ch_prestige_4,,,,
cardicon_mw3_prestige5,icon,1,ch_prestige_5,,,,
cardicon_mw3_prestige6,icon,1,ch_prestige_6,,,,
cardicon_mw3_prestige7,icon,1,ch_prestige_7,,,,
cardicon_mw3_prestige8,icon,1,ch_prestige_8,,,,
cardicon_mw3_prestige9,icon,1,ch_prestige_9,,,,
cardicon_mw3_prestige10,icon,1,ch_prestige_10,,,,
cardicon_prestige1,icon,1,ch_heads_up,,,,
cardicon_prestige2,icon,1,ch_looknohands_4,,,,
cardicon_prestige3,icon,1,ch_predator_4,,,,
cardicon_prestige4,icon,1,ch_carpetbomber_4,,,,
cardicon_prestige6,icon,1,ch_choppervet_4,,,,
cardicon_prestige7,icon,1,ch_jollygreengiant_4,,,,
cardicon_prestige8,icon,1,ch_thespirit_4,,,,
cardicon_prestige9,icon,1,ch_spectre_3,,,,
cardicon_prestige10,icon,1,ch_spectre_4,,,,
cardicon_cod4,icon,1,ch_prestige_10,,,,
cardicon_prpurchase_icon1,icon,,ch_prPurchase_title1,,,,ch_prPurchase_title1
cardicon_prpurchase_icon2,icon,,ch_prPurchase_title2,,,,ch_prPurchase_title2
cardicon_prpurchase_icon3,icon,,ch_prPurchase_title3,,,,ch_prPurchase_title3
cardicon_elite02,icon,9999,,,,,
cardicon_elite03,icon,9999,,,,,
cardicon_elite04,icon,9999,,,,,
cardicon_elite05,icon,9999,,,,,
cardicon_elite06,icon,9999,,,,,
cardicon_elite07,icon,9999,,,,,
cardicon_elite08,icon,9999,,,,,
cardicon_elite09,icon,9999,,,,,
cardicon_elite10,icon,9999,,,,,
cardicon_elite11,icon,9999,,,,,
cardicon_elite12,icon,9999,,,,,
cardicon_elite13,icon,9999,,,,,
cardicon_elite14,icon,9999,,,,,
cardicon_elite15,icon,9999,,,,,
cardicon_elite16,icon,9999,,,,,
cardicon_elite17,icon,9999,,,,,
cardicon_elite18,icon,9999,,,,,
cardicon_elite19,icon,9999,,,,,
cardicon_elite20,icon,9999,,,,,
cardicon_elite01,icon,1,ch_carpetbomb,,,,
cardicon_patch,icon,1,ch_grouphug,,,,
cardicon_compass,icon,1,ch_flyswatter,,,,
cardicon_b2,icon,1,ch_technokiller,,,,
cardicon_noseart1,icon,1,ch_finishingtouch,,,,
cardicon_pavelow,icon,1,ch_transformer,,,,
cardicon_blue,icon,1,ch_invincible,,,,
cardicon_tsuenami,icon,1,ch_stickman,,,,
cardicon_macgregor,icon,1,ch_vandalism,,,,
cardicon_grunt_2,icon,1,ch_hardlanding,,,,
cardicon_nates,icon,1,ch_shield_explosive_3,,,,
cardicon_brassknuckle,icon,1,ch_afterburner,,,,
cardicon_ac130_angelflare,icon,1,ch_deathfromabove,,,,
cardicon_skullaward,icon,1,ch_basejump,,,,
cardicon_umbracatervae,icon,1,ch_shield_damage_3,,,,
cardicon_brad,icon,1,ch_assists_3,,,,
cardicon_bullets_50cal,icon,1,ch_surgical_assault,,,,
cardicon_bulletcase,icon,1,ch_fastswap,,,,
cardicon_doubletap,icon,1,ch_surgical_smg,,,,
cardicon_fmj,icon,1,ch_surgical_lmg,,,,
cardicon_grunt,icon,1,ch_crouchshot_3,,,,
cardicon_juggernaut_2,icon,1,ch_proneshot_3,,,,
cardicon_gasmask,icon,1,ch_didyouseethat,,,,
cardicon_nightvision_1,icon,1,ch_moneyshot,,,,
cardicon_sniperscope,icon,1,ch_surgical_sniper,,,,
cardicon_badgirl,icon,1,ch_backdraft_3,,,,
cardicon_iss,icon,1,ch_dronekiller,,,,
cardicon_minigun,icon,1,ch_absentee,,,,
cardicon_ball_basketball_1,icon,1,ch_its_personal,,,,
cardicon_helmet_football_1,icon,1,ch_hotpotato_2,,,,
cardicon_lion,icon,1,ch_sidekick,,,,
cardicon_sheppard,icon,1,ch_darkbringer,,,,
cardicon_comic_shepherd,icon,1,ch_nbk,,,,
cardicon_koiker_hound,icon,1,ch_og,,,,
cardicon_grigsby,icon,1,ch_avenger,,,,
cardicon_taskforcearmy01,icon,1,ch_renaissance,,,,
cardicon_ghost_bust,icon,1,ch_mvp_tdm,,,,
cardicon_ghillie,icon,1,ch_ghillie_3,,,,
cardicon_chicken,icon,1,ch_tacticaldeletion,,,,
cardicon_price_ww2,icon,1,ch_bombplanter_2,,,,
cardicon_pricewoodland,icon,1,ch_hero_2,,,,
cardicon_pricearctic,icon,1,ch_bombdefender_2,,,,
cardicon_assad,icon,1,ch_saboteur_2,,,,
cardicon_makarov,icon,1,ch_lastmanstanding,,,,
cardicon_brock,icon,1,ch_slowbutsure,,,,
cardicon_throwingknife,icon,1,ch_flawless,,,,
cardicon_league_magnum,icon,1,ch_bombdown,,,,
cardicon_dive,icon,1,ch_mvp_thc,,,,
cardicon_ball_soccer_1,icon,1,ch_expert_assault_3,,,,
cardicon_ball_baseball_1,icon,1,ch_expert_smg_3,,,,
cardicon_ball_football_1,icon,1,ch_expert_lmg_3,,,,
cardicon_kitten,icon,1,ch_backsmasher,,,,
cardicon_pushingupdaisies,icon,1,ch_goodbye,,,,
cardicon_biohazard,icon,1,ch_returntosender,,,,
cardicon_juggernaut_1,icon,1,ch_smasher,,,,
cardicon_ghost_skull,icon,1,ch_owned,,,,
cardicon_impale,icon,1,ch_unbelievable,,,,
cardicon_riotdeath,icon,1,ch_shieldvet_3,,,,
cardicon_headshot,icon,1,ch_allpro,,,,
cardicon_car,icon,1,ch_carbomb_2,,,,
cardicon_gumby,icon,1,ch_ouch,,,,
cardicon_spetsnaz,icon,1,ch_concussionvet_4,,,,
cardicon_redhand,icon,1,ch_fearless,,,,
cardicon_tf141,icon,1,ch_rival,,,,
cardicon_ball_volleyball_1,icon,1,ch_tangodown,,,,
cardicon_iwlogo,icon,1,ch_wargasm,,,,
cardicon_porterjustice,icon,1,ch_countermvp,,,,
cardicon_knife_logo,icon,1,ch_knifevet_4,,,,
cardicon_humantrophy,icon,1,ch_extremecruelty,,,,
cardicon_knife,icon,1,ch_backstabber,,,,
cardicon_skull,icon,1,ch_colorofmoney_2,,,,
cardicon_xray,icon,1,ch_blindfire,,,,
cardicon_skull_black,icon,1,ch_collateraldamage,,,,
cardicon_nightvision_2,icon,1,ch_droppincrates,,,,
cardicon_moon,icon,1,ch_lastresort,,,,
cardicon_radiation,icon,1,ch_timeismoney_2,,,,
cardicon_goodgirl,icon,1,ch_starplayer,,,,
cardicon_seasnipers,icon,1,ch_iamrich_2,,,,
cardicon_soap,icon,1,ch_overdraft,,,,
cardicon_pirate,icon,1,ch_theedge_3,,,,
cardicon_pirateflag,icon,1,ch_flashbangvet_4,,,,
cardicon_helmet_baseball_1,icon,1,ch_sunblock,,,,
cardicon_hockey_1,icon,1,ch_thebiggertheyare,,,,
cardicon_hockey_2,icon,1,ch_thehardertheyfall,,,,
cardicon_tennisracket,icon,1,ch_thebrink,,,,
cardicon_tiger,icon,1,ch_reaper,,,,
cardicon_honeybadger01,icon,1,ch_laststandvet_4,,,,
cardicon_kinggorilla,icon,1,ch_enemyofthestate,,,,
cardicon_thecow,icon,1,ch_slasher,,,,
cardicon_warpig,icon,1,ch_clickclickboom,,,,
cardicon_claw,icon,1,ch_atm,,,,
cardicon_boot,icon,1,ch_airborne,,,,
cardicon_devilfinger,icon,1,ch_omnicide,,,,
cardicon_brassknuckles,icon,1,ch_survivor,,,,
cardicon_8ball,icon,1,ch_bangforbuck_2,,,,
cardicon_mushroom,icon,1,ch_thedenier,,,,
cardicon_jets,icon,1,ch_crabmeat,,,,
cardicon_tictac,icon,1,ch_victor_sab_3,,,,
cardicon_joystick,icon,1,ch_victor_dm_3,,,,
cardicon_devil,icon,1,ch_teamplayer_hc_3,,,,
cardicon_thebomb,icon,1,ch_victor_sd_3,,,,
cardicon_sniper,icon,1,ch_teamplayer_3,,,,
cardicon_icecream,icon,1,ch_miserylovescompany,,,,
cardicon_gametype,icon,1,ch_airsuperiority,,,,
cardicon_comic_price,icon,1,ch_robinhood_2,,,,
cardicon_8bit_price,icon,1,ch_theloner,,,,
cardicon_readhead,icon,1,ch_breakbank,,,,
cardicon_pacifier_blue,icon,1,ch_counterc4_3,,,,
cardicon_pacifier_pink,icon,1,ch_counterclaymore_3,,,,
cardicon_riot_shield,icon,1,ch_shield_bullet_3,,,,
cardicon_korean,icon,1,ch_nosecrets,,,,
cardicon_gears,icon,1,ch_redcarpet,,,,
cardicon_treasurechest,icon,1,ch_hijacker_3,,,,
cardicon_weed,icon,1,ch_dominos,,,,
cardicon_league_1911,icon,1,ch_stealthvet_4,,,,
cardicon_league_grenade,icon,1,ch_thinkfast,,,,
cardicon_rhino,icon,1,ch_multiclaymore_3,,,,
cardicon_bear,icon,1,ch_multifrag_3,,,,
cardicon_hyena,icon,1,ch_multirpg_3,,,,
cardicon_sugarglider,icon,1,ch_multic4_3,,,,
cardicon_stop,icon,1,ch_thinkfastconcussion,,,,
cardicon_burgertown,icon,1,ch_masterchef_3,,,,
cardicon_bulb,icon,1,ch_thinkfastflash,,,,
cardicon_tire,icon,1,ch_resourceful,,,,
cardicon_loadedfinger,icon,1,ch_mgmaster,,,,
cardicon_girlskull,icon,1,ch_survivalist,,,,
cardicon_abduction,icon,1,ch_cruelty,,,,
cardicon_illuminati,icon,1,ch_howthe,,,,
cardicon_frag,icon,1,ch_grenadekill_3,,,,
cardicon_semtex,icon,1,ch_bullseye_3,,,,
cardicon_throwing_knife,icon,1,ch_carnie_3,,,,
cardicon_bouncing_betty,icon,1,ch_bouncingbetty_3,,,,
cardicon_claymore,icon,1,ch_claymoreshot_3,,,,
cardicon_c4,icon,1,ch_c4shot_3,,,,
cardicon_flash_grenade,icon,1,ch_indecentexposure_3,,,,
cardicon_concussion_grenade,icon,1,ch_alittleconcussed_3,,,,
cardicon_scrambler,icon,1,ch_scram_3,,,,
cardicon_emp_grenade,icon,1,ch_onthepulse_3,,,,
cardicon_smoke_grenade,icon,1,ch_smokeemifyougotem_3,,,,
cardicon_trophy,icon,1,ch_noboomforyou_3,,,,
cardicon_flare,icon,1,ch_jackinthebox_3,,,,
cardicon_portable_radar,icon,1,ch_zerolatency_3,,,,
cardicon_longersprint,icon,1,ch_longersprint_pro,,,,
cardicon_longersprint_pro,icon,1,ch_longersprint_pro_6,,,,
cardicon_fastreload,icon,1,ch_sleightofhand_pro,,,,
cardicon_fastreload_pro,icon,1,ch_sleightofhand_pro_6,,,,
cardicon_scavenger,icon,1,ch_scavenger_pro,,,,
cardicon_scavenger_pro,icon,1,ch_scavenger_pro_6,,,,
cardicon_blindeye,icon,1,ch_blindeye_pro,,,,
cardicon_blindeye_pro,icon,1,ch_blindeye_pro_6,,,,
cardicon_paint,icon,1,ch_paint_pro,,,,
cardicon_paint_pro,icon,1,ch_paint_pro_6,,,,
cardicon_hardline,icon,1,ch_hardline_pro,,,,
cardicon_hardline_pro,icon,1,ch_hardline_pro_6,,,,
cardicon_coldblooded,icon,1,ch_coldblooded_pro,,,,
cardicon_coldblooded_pro,icon,1,ch_coldblooded_pro_6,,,,
cardicon_quickdraw,icon,1,ch_quickdraw_pro,,,,
cardicon_quickdraw_pro,icon,1,ch_quickdraw_pro_6,,,,
cardicon_twoprimaries,icon,1,ch_twoprimaries_pro,,,,
cardicon_twoprimaries_pro,icon,1,ch_twoprimaries_pro_6,,,,
cardicon_blastshield,icon,1,ch_blastshield_pro,,,,
cardicon_blastshield_pro,icon,1,ch_blastshield_pro_6,,,,
cardicon_bombsquad,icon,1,ch_detectexplosives_pro,,,,
cardicon_bombsquad_pro,icon,1,ch_detectexplosives_pro_6,,,,
cardicon_ironlungs,icon,1,ch_autospot_pro,,,,
cardicon_ironlungs_pro,icon,1,ch_autospot_pro_6,,,,
cardicon_steadyaim,icon,1,ch_bulletaccuracy_pro,,,,
cardicon_steadyaim_pro,icon,1,ch_bulletaccuracy_pro_6,,,,
cardicon_quieter,icon,1,ch_deadsilence_pro,,,,
cardicon_quieter_pro,icon,1,ch_deadsilence_pro_6,,,,
cardicon_stalker,icon,1,ch_stalker_pro,,,,
cardicon_stalker_pro,icon,1,ch_stalker_pro_6,,,,
cardicon_uav,icon,1,ch_uav_3,,,,
cardicon_carepackage,icon,1,ch_airdrop_assault_3,,,,
cardicon_predatormissile,icon,1,ch_predator_missile_3,,,,
cardicon_ims,icon,1,ch_ims_3,,,,
cardicon_sentrygun,icon,1,ch_airdrop_sentry_minigun_3,,,,
cardicon_precair,icon,1,ch_precision_airstrike_3,,,,
cardicon_attackchopper,icon,1,ch_helicopter_3,,,,
cardicon_helicopterflock,icon,1,ch_littlebird_flock_3,,,,
cardicon_helicopterguard,icon,1,ch_littlebird_support_3,,,,
cardicon_remotemortar,icon,1,ch_remote_mortar_3,,,,
cardicon_remotetank,icon,1,ch_airdrop_remote_tank_3,,,,
cardicon_pavelowkillstreak,icon,1,ch_helicopter_flares_3,,,,
cardicon_ac130,icon,1,ch_ac130_3,,,,
cardicon_juggernaut,icon,1,ch_airdrop_juggernaut_3,,,,
cardicon_ospreygunner,icon,1,ch_osprey_gunner_3,,,,
cardicon_counteruav,icon,1,ch_counter_uav_3,,,,
cardicon_deployablevest,icon,1,ch_deployable_vest_3,,,,
cardicon_airdroptrap,icon,1,ch_airdrop_trap_3,,,,
cardicon_samturret,icon,1,ch_sam_turret_3,,,,
cardicon_remoteuav,icon,1,ch_remote_uav_3,,,,
cardicon_advanceduav,icon,1,ch_directional_uav_3,,,,
cardicon_remoteturret,icon,1,ch_remote_mg_turret_3,,,,
cardicon_stealthkillstreak,icon,1,ch_stealth_airstrike_3,,,,
cardicon_empkillstreak,icon,1,ch_emp_3,,,,
cardicon_juggernaut_recon,icon,1,ch_airdrop_juggernaut_recon_3,,,,
cardicon_escortairdrop,icon,1,ch_escort_airdrop_3,,,,
challenges,feature,3,,,,,
clantag,profileFeature,5,,,,,
streaktype_assault,feature,0,,,,,
streaktype_support,feature,0,,,,,
streaktype_specialist,feature,0,,,,,
uav,killstreak,0,,,,,
airdrop_assault,killstreak,0,,,,,
ims,killstreak,0,,,,,
predator_missile,killstreak,0,,,,,
sentry,killstreak,0,,,,,
precision_airstrike,killstreak,0,,,,,
helicopter,killstreak,0,,,,,
littlebird_support,killstreak,0,,,,,
littlebird_flock,killstreak,0,,,,,
stealth_airstrike,killstreak,0,,,,,
remote_mortar,killstreak,0,,,,,
osprey_gunner,killstreak,0,,,,,
helicopter_flares,killstreak,0,,,,,
airdrop_juggernaut,killstreak,0,,,,,
uav_support,killstreak,0,,,,,
counter_uav,killstreak,0,,,,,
deployable_vest,killstreak,0,,,,,
airdrop_trap,killstreak,0,,,,,
sam_turret,killstreak,0,,,,,
minigun_turret,killstreak,0,,,,,
remote_uav,killstreak,0,,,,,
heli_sniper,killstreak,0,,,,,
directional_uav,killstreak,0,,,,,
remote_mg_turret,killstreak,0,,,,,
emp,killstreak,0,,,,,
airdrop_juggernaut_recon,killstreak,0,,,,,
escort_airdrop,killstreak,0,,,,,
ch_prPurchase1,challenge,0,,,,,
ch_prPurchase2,challenge,0,,,,,
ch_prPurchase3,challenge,0,,,,,
tier_prestige,prestige,3,ch_prestige,,,,
tier_prestige2,prestige,3,ch_prPurchase1,,,,
tier_prestige3,prestige,3,ch_prPurchase2,,,,
tier_prestige4,prestige,3,ch_prPurchase3,,,,
tier_1,challenge,3,,,,,
tier_2,challenge,3,,,,,
tier_3,challenge,3,,,,,
tier_3_a,challenge,3,,,,,
tier_3_b,challenge,3,,,,,
tier_3_c,challenge,3,,,,,
tier_4,challenge,4,,,,,
tier_4_a,challenge,4,,,,,
tier_4_b,challenge,4,,,,,
tier_4_c,challenge,4,,,,,
tier_4_d,challenge,4,,,,,
tier_5,challenge,14,,,,,
tier_5_a,challenge,14,,,,,
tier_5_b,challenge,14,,,,,
tier_5_c,challenge,14,,,,,
tier_5_d,challenge,14,,,,,
tier_6,challenge,19,,,,,
tier_6_a,challenge,19,,,,,
tier_6_b,challenge,19,,,,,
tier_6_c,challenge,19,,,,,
tier_6_d,challenge,19,,,,,
tier_7,challenge,3,,,,,
tier_7_a,challenge,3,,,,,
tier_7_b,challenge,3,,,,,
tier_7_c,challenge,3,,,,,
tier_7_d,challenge,3,,,,,
tier_8,challenge,29,,,,,
tier_8_a,challenge,29,,,,,
tier_8_b,challenge,29,,,,,
tier_8_c,challenge,29,,,,,
tier_8_d,challenge,29,,,,,
tier_9,challenge,39,,,,,
tier_9_a,challenge,39,,,,,
tier_9_b,challenge,39,,,,,
tier_9_c,challenge,39,,,,,
tier_9_d,challenge,39,,,,,
tier_10,challenge,49,,,,,
tier_10_a,challenge,49,,,,,
tier_10_b,challenge,49,,,,,
tier_10_c,challenge,49,,,,,
tier_10_d,challenge,49,,,,,
tier_11,challenge,59,,,,,
tier_11_a,challenge,59,,,,,
tier_11_b,challenge,68,,,,,
tier_11_c,challenge,59,,,,,
tier_11_d,challenge,59,,,,,
tier_12,challenge,64,,,,,
tier_12_a,challenge,64,,,,,
tier_12_b,challenge,64,,,,,
tier_12_c,challenge,64,,,,,
tier_12_d,challenge,64,,,,,
tier_13,challenge,69,,,,,
tier_13_a,challenge,69,,,,,
tier_13_b,challenge,69,,,,,
tier_13_c,challenge,69,,,,,
tier_13_d,challenge,69,,,,,
tier_90,challenge,8,,,,,
tier_91,challenge,8,,,,,
tier_92,challenge,3,ch_prestige,,,,
tier_93,challenge,3,,,,,ch_prPurchase1
tier_94,challenge,3,,,,,ch_prPurchase2
tier_95,challenge,3,,,,,ch_prPurchase3
specialty_longersprint_ks_pro,killstreak,0,ch_longersprint_pro_4,,,,
specialty_fastreload_ks_pro,killstreak,0,ch_sleightofhand_pro_4,,,,
specialty_scavenger_ks_pro,killstreak,0,ch_scavenger_pro_4,,,,
specialty_blindeye_ks_pro,killstreak,0,ch_blindeye_pro_4,,,,
specialty_paint_ks_pro,killstreak,0,ch_paint_pro_4,,,,
specialty_hardline_ks_pro,killstreak,0,ch_hardline_pro_4,,,,
specialty_coldblooded_ks_pro,killstreak,0,ch_coldblooded_pro_4,,,,
specialty_quickdraw_ks_pro,killstreak,0,ch_quickdraw_pro_4,,,,
specialty_assists_ks_pro,killstreak,0,ch_hardline_pro_4,,,,
_specialty_blastshield_ks_pro,killstreak,0,ch_blastshield_pro_4,,,,
specialty_autospot_ks_pro,killstreak,0,ch_autospot_pro_4,,,,
specialty_detectexplosive_ks_pro,killstreak,0,ch_detectexplosives_pro_4,,,,
specialty_bulletaccuracy_ks_pro,killstreak,0,ch_bulletaccuracy_pro_4,,,,
specialty_quieter_ks_pro,killstreak,0,ch_deadsilence_pro_4,,,,
specialty_stalker_ks_pro,killstreak,0,ch_stalker_pro_4,,,,
specialty_marksman,perk,0,,,,,
specialty_sharp_focus,perk,0,,,,,
specialty_bling,perk,0,,,,,
iw6_honeybadger,weapon,0,,,,,
iw6_sc2010,weapon,0,,,,,
iw6_ak12,weapon,0,,,,,
iw6_bren,weapon,0,,,,,
iw5_type95,weapon,0,ch_type95_purchase,,,,
iw5_m16,weapon,0,ch_m16_purchase,,,,
iw5_acr,weapon,0,ch_acr_purchase,,,,
iw5_fad,weapon,0,ch_fad_purchase,,,,
ch_type95_purchase,unlockCosts,,,5,,,
ch_m16_purchase,unlockCosts,,,5,,,
ch_acr_purchase,unlockCosts,,,5,,,
ch_fad_purchase,unlockCosts,,,5,,,
iw6_cbjms,weapon,0,,,,,
iw6_microtar,weapon,0,,,,,
iw6_pp19,weapon,0,,,,,
iw6_vepr,weapon,0,,,,,
iw6_kriss,weapon,0,,,,,
iw5_mp5,weapon,0,ch_mp5_purchase,,,,
iw5_p90,weapon,0,ch_p90_purchase,,,,
ch_mp5_purchase,unlockCosts,,,5,,,
ch_p90_purchase,unlockCosts,,,5,,,
iw6_m27,weapon,0,,,,,
iw5_sa80,weapon,0,ch_sa80_purchase,,,,
iw5_mg36,weapon,0,ch_mg36_purchase,,,,
iw5_m60,weapon,0,ch_m60_purchase,,,,
ch_sa80_purchase,unlockCosts,,,5,,,
ch_mg36_purchase,unlockCosts,,,5,,,
ch_m60_purchase,unlockCosts,,,5,,,
iw6_l115a3,weapon,0,,,,,
iw6_imbel,weapon,0,,,,,
iw6_vks,weapon,0,,,,,
iw5_barrett,weapon,0,ch_barrett_purchase,,,,
iw5_as50,weapon,0,ch_as50_purchase,,,,
ch_barrett_purchase,unlockCosts,,,5,,,
ch_as50_purchase,unlockCosts,,,5,,,
iw6_maul,weapon,0,,,,,
iw6_fp6,weapon,0,,,,,
iw5_1887,weapon,0,ch_1887_purchase,,,,
ch_ksg_purchase,unlockCosts,,,5,,,
ch_1887_purchase,unlockCosts,,,5,,,
iw6_p226,weapon,0,,,,,
iw6_m9a1,weapon,0,,,,,
iw5_44magnum,weapon,0,ch_44magnum_purchase,,,,
iw5_fnfiveseven,weapon,0,ch_fnfiveseven_purchase,,,,
ch_44magnum_purchase,unlockCosts,,,5,,,
ch_fnfiveseven_purchase,unlockCosts,,,5,,,
m320,weapon,0,,,,,
rpg,weapon,0,ch_rpg_purchase,,,,
xm25,weapon,0,ch_xm25_purchase,,,,
ch_rpg_purchase,unlockCosts,,,5,,,
ch_xm25_purchase,unlockCosts,,,5,,,
ch_xm45_purchase,unlockCosts,,,5,,,
frag_grenade,weapon,0,,,,,
flash_grenade_mp,weapon,0,,,,,
smoke_grenade_mp,weapon,0,ch_smoke_grenade_purchase,,,,
concussion_grenade_mp,weapon,0,ch_concussion_grenade_purchase,,,,
emp_grenade_mp,weapon,0,ch_emp_grenade_purchase,,,,
throwingknife_mp,perk,0,ch_throwingknife_purchase,,,,
thermobaric_grenade_mp,weapon,0,ch_thermobaric_grenade_purchase,,,,
bouncingbetty_mp,perk,0,ch_bouncingbetty_purchase,,,,
semtex_mp,perk,0,ch_semtex_purchase,,,,
claymore_mp,perk,0,ch_claymore_purchase,,,,
c4_mp,perk,0,ch_c4_purchase,,,,
scrambler,weapon,0,ch_scrambler_purchase,,,,
trophy_mp,weapon,0,ch_trophy_purchase,,,,
ch_flash_grenade_purchase,unlockCosts,,,5,,,
ch_smoke_grenade_purchase,unlockCosts,,,5,,,
ch_concussion_grenade_purchase,unlockCosts,,,5,,,
ch_emp_grenade_purchase,unlockCosts,,,5,,,
ch_throwingknife_purchase,unlockCosts,,,5,,,
ch_thermobaric_grenade_purchase,unlockCosts,,,5,,,
ch_bouncingbetty_purchase,unlockCosts,,,5,,,
ch_semtex_purchase,unlockCosts,,,5,,,
ch_claymore_purchase,unlockCosts,,,5,,,
ch_c4_purchase,unlockCosts,,,5,,,
ch_scrambler_purchase,unlockCosts,,,5,,,
ch_trophy_purchase,unlockCosts,,,5,,,
44magnum_akimbo,attachment,0,ch_44magnum_akimbo_purchase,,,,
44magnum_tactical,attachment,0,ch_44magnum_tactical_purchase,,,,
p226_akimbo,attachment,0,ch_p226_akimbo_purchase,,,,
p226_tactical,attachment,0,ch_p226_tactical_purchase,,,,
p226_xmags,attachment,0,ch_p226_xmags_purchase,,,,
m9a1_akimbo,attachment,0,ch_m9a1_akimbo_purchase,,,,
m9a1_tactical,attachment,0,ch_m9a1_tactical_purchase,,,,
m9a1_xmags,attachment,0,ch_m9a1_xmags_purchase,,,,
fnfiveseven_akimbo,attachment,0,ch_fnfiveseven_akimbo_purchase,,,,
fnfiveseven_tactical,attachment,0,ch_fnfiveseven_tactical_purchase,,,,
fnfiveseven_xmags,attachment,0,ch_fnfiveseven_xmags_purchase,,,,
mp5_reflex,attachment,0,ch_mp5_reflex_purchase,,,,
mp5_acog,attachment,0,ch_mp5_acog_purchase,,,,
mp5_eotech,attachment,0,ch_mp5_eotech_purchase,,,,
mp5_hamrhybrid,attachment,0,ch_mp5_hamrhybrid_purchase,,,,
mp5_xmags,attachment,0,ch_mp5_xmags_purchase,,,,
mp5_thermal,attachment,0,ch_mp5_thermal_purchase,,,,
p90_reflex,attachment,0,ch_p90_reflex_purchase,,,,
p90_acog,attachment,0,ch_p90_acog_purchase,,,,
p90_eotech,attachment,0,ch_p90_eotech_purchase,,,,
p90_hamrhybrid,attachment,0,ch_p90_hamrhybrid_purchase,,,,
p90_xmags,attachment,0,ch_p90_xmags_purchase,,,,
p90_thermal,attachment,0,ch_p90_thermal_purchase,,,,
cbjms_reflex,attachment,0,ch_cbjms_reflex_purchase,,,,
cbjms_acog,attachment,0,ch_cbjms_acog_purchase,,,,
cbjms_eotech,attachment,0,ch_cbjms_eotech_purchase,,,,
cbjms_hamrhybrid,attachment,0,ch_cbjms_hamrhybrid_purchase,,,,
cbjms_xmags,attachment,0,ch_cbjms_xmags_purchase,,,,
cbjms_thermal,attachment,0,ch_cbjms_thermal_purchase,,,,
microtar_reflex,attachment,0,ch_microtar_reflex_purchase,,,,
microtar_acog,attachment,0,ch_microtar_acog_purchase,,,,
microtar_eotech,attachment,0,ch_microtar_eotech_purchase,,,,
microtar_hamrhybrid,attachment,0,ch_microtar_hamrhybrid_purchase,,,,
microtar_xmags,attachment,0,ch_microtar_xmags_purchase,,,,
microtar_thermal,attachment,0,ch_microtar_thermal_purchase,,,,
pp19_reflex,attachment,0,ch_pp19_reflex_purchase,,,,
pp19_acog,attachment,0,ch_pp19_acog_purchase,,,,
pp19_eotech,attachment,0,ch_pp19_eotech_purchase,,,,
pp19_hamrhybrid,attachment,0,ch_pp19_hamrhybrid_purchase,,,,
pp19_xmags,attachment,0,ch_pp19_xmags_purchase,,,,
pp19_thermal,attachment,0,ch_pp19_thermal_purchase,,,,
vepr_reflex,attachment,0,ch_vepr_reflex_purchase,,,,
vepr_acog,attachment,0,ch_vepr_acog_purchase,,,,
vepr_eotech,attachment,0,ch_vepr_eotech_purchase,,,,
vepr_hamrhybrid,attachment,0,ch_vepr_hamrhybrid_purchase,,,,
vepr_xmags,attachment,0,ch_vepr_xmags_purchase,,,,
vepr_thermal,attachment,0,ch_vepr_thermal_purchase,,,,
kriss_reflex,attachment,0,ch_kriss_reflex_purchase,,,,
kriss_acog,attachment,0,ch_kriss_acog_purchase,,,,
kriss_eotech,attachment,0,ch_kriss_eotech_purchase,,,,
kriss_hamrhybrid,attachment,0,ch_kriss_hamrhybrid_purchase,,,,
kriss_xmags,attachment,0,ch_kriss_xmags_purchase,,,,
kriss_thermal,attachment,0,ch_kriss_thermal_purchase,,,,
m16_reflex,attachment,0,ch_m16_reflex_purchase,,,,
m16_acog,attachment,0,ch_m16_acog_purchase,,,,
m16_eotech,attachment,0,ch_m16_eotech_purchase,,,,
m16_hybrid,attachment,0,ch_m16_hybrid_purchase,,,,
m16_thermal,attachment,0,ch_m16_thermal_purchase,,,,
m16_gl,attachment,0,ch_m16_gl_purchase,,,,
fad_reflex,attachment,0,ch_fad_reflex_purchase,,,,
fad_acog,attachment,0,ch_fad_acog_purchase,,,,
fad_eotech,attachment,0,ch_fad_eotech_purchase,,,,
fad_hybrid,attachment,0,ch_fad_hybrid_purchase,,,,
fad_xmags,attachment,0,ch_fad_xmags_purchase,,,,
fad_thermal,attachment,0,ch_fad_thermal_purchase,,,,
fad_m320,attachment,0,ch_fad_m320_purchase,,,,
acr_reflex,attachment,0,ch_acr_reflex_purchase,,,,
acr_acog,attachment,0,ch_acr_acog_purchase,,,,
acr_eotech,attachment,0,ch_acr_eotech_purchase,,,,
acr_hybrid,attachment,0,ch_acr_hybrid_purchase,,,,
acr_xmags,attachment,0,ch_acr_xmags_purchase,,,,
acr_thermal,attachment,0,ch_acr_thermal_purchase,,,,
acr_m320,attachment,0,ch_acr_m320_purchase,,,,
type95_reflex,attachment,0,ch_type95_reflex_purchase,,,,
type95_acog,attachment,0,ch_type95_acog_purchase,,,,
type95_rof,attachment,0,ch_type95_rof_purchase,,,,
type95_eotech,attachment,0,ch_type95_eotech_purchase,,,,
type95_hybrid,attachment,0,ch_type95_hybrid_purchase,,,,
type95_xmags,attachment,0,ch_type95_xmags_purchase,,,,
type95_thermal,attachment,0,ch_type95_thermal_purchase,,,,
type95_m320,attachment,0,ch_type95_m320_purchase,,,,
honeybadger_reflex,attachment,0,ch_honeybadger_reflex_purchase,,,,
honeybadger_acog,attachment,0,ch_honeybadger_acog_purchase,,,,
honeybadger_eotech,attachment,0,ch_honeybadger_eotech_purchase,,,,
honeybadger_hybrid,attachment,0,ch_honeybadger_hybrid_purchase,,,,
honeybadger_thermal,attachment,0,ch_honeybadger_thermal_purchase,,,,
honeybadger_m320,attachment,0,ch_honeybadger_m320_purchase,,,,
sc2010_reflex,attachment,0,ch_sc2010_reflex_purchase,,,,
sc2010_acog,attachment,0,ch_sc2010_acog_purchase,,,,
sc2010_eotech,attachment,0,ch_sc2010_eotech_purchase,,,,
sc2010_hybrid,attachment,0,ch_sc2010_hybrid_purchase,,,,
sc2010_thermal,attachment,0,ch_sc2010_thermal_purchase,,,,
sc2010_m320,attachment,0,ch_sc2010_m320_purchase,,,,
ak12_reflex,attachment,0,ch_ak12_reflex_purchase,,,,
ak12_acog,attachment,0,ch_ak12_acog_purchase,,,,
ak12_eotech,attachment,0,ch_ak12_eotech_purchase,,,,
ak12_hybrid,attachment,0,ch_ak12_hybrid_purchase,,,,
ak12_thermal,attachment,0,ch_ak12_thermal_purchase,,,,
ak12_m320,attachment,0,ch_ak12_m320_purchase,,,,
bren_reflex,attachment,0,ch_bren_reflex_purchase,,,,
bren_acog,attachment,0,ch_bren_acog_purchase,,,,
bren_eotech,attachment,0,ch_bren_eotech_purchase,,,,
bren_hybrid,attachment,0,ch_bren_hybrid_purchase,,,,
bren_thermal,attachment,0,ch_bren_thermal_purchase,,,,
bren_m320,attachment,0,ch_bren_m320_purchase,,,,
l115a3_acog,attachment,0,ch_l115a3_acog_purchase,,,,
l115a3_thermal,attachment,0,ch_l115a3_thermal_purchase,,,,
l115a3_vzscope,attachment,0,ch_l115a3_vzscope_purchase,,,,
imbel_acog,attachment,0,ch_imbel_acog_purchase,,,,
imbel_thermal,attachment,0,ch_imbel_thermal_purchase,,,,
imbel_vzscope,attachment,0,ch_imbel_vzscope_purchase,,,,
vks_acog,attachment,0,ch_vks_acog_purchase,,,,
vks_thermal,attachment,0,ch_vks_thermal_purchase,,,,
vks_vzscope,attachment,0,ch_vks_vzscope_purchase,,,,
barrett_acog,attachment,0,ch_barrett_acog_purchase,,,,
barrett_thermal,attachment,0,ch_barrett_thermal_purchase,,,,
barrett_vzscope,attachment,0,ch_barrett_vzscope_purchase,,,,
as50_acog,attachment,0,ch_as50_acog_purchase,,,,
as50_thermal,attachment,0,ch_as50_thermal_purchase,,,,
as50_vzscope,attachment,0,ch_as50_vzscope_purchase,,,,
ksg_reflex,attachment,0,ch_ksg_reflex_purchase,,,,
ksg_eotech,attachment,0,ch_ksg_eotech_purchase,,,,
maul_reflex,attachment,0,ch_maul_reflex_purchase,,,,
maul_eotech,attachment,0,ch_maul_eotech_purchase,,,,
fp6_reflex,attachment,0,ch_fp6_reflex_purchase,,,,
fp6_eotech,attachment,0,ch_fp6_eotech_purchase,,,,
m60_reflex,attachment,0,ch_m60_reflex_purchase,,,,
m60_acog,attachment,0,ch_m60_acog_purchase,,,,
m60_eotech,attachment,0,ch_m60_eotech_purchase,,,,
m60_thermal,attachment,0,ch_m60_thermal_purchase,,,,
sa80_reflex,attachment,0,ch_sa80_reflex_purchase,,,,
sa80_acog,attachment,0,ch_sa80_acog_purchase,,,,
sa80_eotech,attachment,0,ch_sa80_eotech_purchase,,,,
sa80_thermal,attachment,0,ch_sa80_thermal_purchase,,,,
mg36_reflex,attachment,0,ch_mg36_reflex_purchase,,,,
mg36_acog,attachment,0,ch_mg36_acog_purchase,,,,
mg36_eotech,attachment,0,ch_mg36_eotech_purchase,,,,
mg36_thermal,attachment,0,ch_mg36_thermal_purchase,,,,
m27_reflex,attachment,0,ch_m27_reflex_purchase,,,,
m27_acog,attachment,0,ch_m27_acog_purchase,,,,
m27_eotech,attachment,0,ch_m27_eotech_purchase,,,,
m27_thermal,attachment,0,ch_m27_thermal_purchase,,,,
ch_44magnum_akimbo_purchase,,,,2,,,
ch_44magnum_tactical_purchase,,,,2,,,
ch_p226_akimbo_purchase,,,,2,,,
ch_p226_tactical_purchase,,,,2,,,
ch_p226_xmags_purchase,,,,2,,,
ch_m9a1_akimbo_purchase,,,,2,,,
ch_m9a1_tactical_purchase,,,,2,,,
ch_m9a1_xmags_purchase,,,,2,,,
ch_fnfiveseven_akimbo_purchase,,,,2,,,
ch_fnfiveseven_tactical_purchase,,,,2,,,
ch_fnfiveseven_xmags_purchase,,,,2,,,
ch_mp5_reflex_purchase,,,,2,,,
ch_mp5_acog_purchase,,,,2,,,
ch_mp5_eotech_purchase,,,,2,,,
ch_mp5_hamrhybrid_purchase,,,,2,,,
ch_mp5_xmags_purchase,,,,2,,,
ch_mp5_thermal_purchase,,,,2,,,
ch_p90_reflex_purchase,,,,2,,,
ch_p90_acog_purchase,,,,2,,,
ch_p90_eotech_purchase,,,,2,,,
ch_p90_hamrhybrid_purchase,,,,2,,,
ch_p90_xmags_purchase,,,,2,,,
ch_p90_thermal_purchase,,,,2,,,
ch_cbjms_reflex_purchase,,,,2,,,
ch_cbjms_acog_purchase,,,,2,,,
ch_cbjms_eotech_purchase,,,,2,,,
ch_cbjms_hamrhybrid_purchase,,,,2,,,
ch_cbjms_xmags_purchase,,,,2,,,
ch_cbjms_thermal_purchase,,,,2,,,
ch_microtar_reflex_purchase,,,,2,,,
ch_microtar_acog_purchase,,,,2,,,
ch_microtar_eotech_purchase,,,,2,,,
ch_microtar_hamrhybrid_purchase,,,,2,,,
ch_microtar_xmags_purchase,,,,2,,,
ch_microtar_thermal_purchase,,,,2,,,
ch_pp19_reflex_purchase,,,,2,,,
ch_pp19_acog_purchase,,,,2,,,
ch_pp19_eotech_purchase,,,,2,,,
ch_pp19_hamrhybrid_purchase,,,,2,,,
ch_pp19_xmags_purchase,,,,2,,,
ch_pp19_thermal_purchase,,,,2,,,
ch_vepr_reflex_purchase,,,,2,,,
ch_vepr_acog_purchase,,,,2,,,
ch_vepr_eotech_purchase,,,,2,,,
ch_vepr_hamrhybrid_purchase,,,,2,,,
ch_vepr_xmags_purchase,,,,2,,,
ch_vepr_thermal_purchase,,,,2,,,
ch_kriss_reflex_purchase,,,,2,,,
ch_kriss_acog_purchase,,,,2,,,
ch_kriss_eotech_purchase,,,,2,,,
ch_kriss_hamrhybrid_purchase,,,,2,,,
ch_kriss_xmags_purchase,,,,2,,,
ch_kriss_thermal_purchase,,,,2,,,
ch_m16_reflex_purchase,,,,2,,,
ch_m16_acog_purchase,,,,2,,,
ch_m16_eotech_purchase,,,,2,,,
ch_m16_hybrid_purchase,,,,2,,,
ch_m16_thermal_purchase,,,,2,,,
ch_m16_gl_purchase,,,,2,,,
ch_fad_reflex_purchase,,,,2,,,
ch_fad_acog_purchase,,,,2,,,
ch_fad_eotech_purchase,,,,2,,,
ch_fad_hybrid_purchase,,,,2,,,
ch_fad_xmags_purchase,,,,2,,,
ch_fad_thermal_purchase,,,,2,,,
ch_fad_m320_purchase,,,,2,,,
ch_acr_reflex_purchase,,,,2,,,
ch_acr_acog_purchase,,,,2,,,
ch_acr_eotech_purchase,,,,2,,,
ch_acr_hybrid_purchase,,,,2,,,
ch_acr_xmags_purchase,,,,2,,,
ch_acr_thermal_purchase,,,,2,,,
ch_acr_m320_purchase,,,,2,,,
ch_type95_reflex_purchase,,,,2,,,
ch_type95_acog_purchase,,,,2,,,
ch_type95_rof_purchase,,,,2,,,
ch_type95_eotech_purchase,,,,2,,,
ch_type95_hybrid_purchase,,,,2,,,
ch_type95_xmags_purchase,,,,2,,,
ch_type95_thermal_purchase,,,,2,,,
ch_type95_m320_purchase,,,,2,,,
ch_honeybadger_reflex_purchase,,,,2,,,
ch_honeybadger_acog_purchase,,,,2,,,
ch_honeybadger_eotech_purchase,,,,2,,,
ch_honeybadger_hybrid_purchase,,,,2,,,
ch_honeybadger_thermal_purchase,,,,2,,,
ch_honeybadger_m320_purchase,,,,2,,,
ch_sc2010_reflex_purchase,,,,2,,,
ch_sc2010_acog_purchase,,,,2,,,
ch_sc2010_eotech_purchase,,,,2,,,
ch_sc2010_hybrid_purchase,,,,2,,,
ch_sc2010_thermal_purchase,,,,2,,,
ch_sc2010_m320_purchase,,,,2,,,
ch_ak12_reflex_purchase,,,,2,,,
ch_ak12_acog_purchase,,,,2,,,
ch_ak12_eotech_purchase,,,,2,,,
ch_ak12_hybrid_purchase,,,,2,,,
ch_ak12_thermal_purchase,,,,2,,,
ch_ak12_m320_purchase,,,,2,,,
ch_bren_reflex_purchase,,,,2,,,
ch_bren_acog_purchase,,,,2,,,
ch_bren_eotech_purchase,,,,2,,,
ch_bren_hybrid_purchase,,,,2,,,
ch_bren_thermal_purchase,,,,2,,,
ch_bren_m320_purchase,,,,2,,,
ch_l115a3_acog_purchase,,,,2,,,
ch_l115a3_thermal_purchase,,,,2,,,
ch_l115a3_vzscope_purchase,,,,2,,,
ch_imbel_acog_purchase,,,,2,,,
ch_imbel_thermal_purchase,,,,2,,,
ch_imbel_vzscope_purchase,,,,2,,,
ch_vks_acog_purchase,,,,2,,,
ch_vks_thermal_purchase,,,,2,,,
ch_vks_vzscope_purchase,,,,2,,,
ch_barrett_acog_purchase,,,,2,,,
ch_barrett_thermal_purchase,,,,2,,,
ch_barrett_vzscope_purchase,,,,2,,,
ch_as50_acog_purchase,,,,2,,,
ch_as50_thermal_purchase,,,,2,,,
ch_as50_vzscope_purchase,,,,2,,,
ch_ksg_reflex_purchase,,,,2,,,
ch_ksg_eotech_purchase,,,,2,,,
ch_maul_reflex_purchase,,,,2,,,
ch_maul_eotech_purchase,,,,2,,,
ch_fp6_reflex_purchase,,,,2,,,
ch_fp6_eotech_purchase,,,,2,,,
ch_m60_reflex_purchase,,,,2,,,
ch_m60_acog_purchase,,,,2,,,
ch_m60_eotech_purchase,,,,2,,,
ch_m60_thermal_purchase,,,,2,,,
ch_sa80_reflex_purchase,,,,2,,,
ch_sa80_acog_purchase,,,,2,,,
ch_sa80_eotech_purchase,,,,2,,,
ch_sa80_thermal_purchase,,,,2,,,
ch_mg36_reflex_purchase,,,,2,,,
ch_mg36_acog_purchase,,,,2,,,
ch_mg36_eotech_purchase,,,,2,,,
ch_mg36_thermal_purchase,,,,2,,,
ch_m27_reflex_purchase,,,,2,,,
ch_m27_acog_purchase,,,,2,,,
ch_m27_eotech_purchase,,,,2,,,
ch_m27_thermal_purchase,,,,2,,,
